Hectares,Agriblock,Variety,Soil Types,Seedrate(in Kg),LP_Mainfield(in Tonnes),Nursery,Nursery area (Cents),LP_nurseryarea(in Tonnes),DAP_20days,Weed28D_thiobencarb,Urea_40Days,Potassh_50Days,Micronutrients_70Days,Pest_60Day(in ml),30DRain( in mm),30DAI(in mm),30_50DRain( in mm),30_50DAI(in mm),51_70DRain(in mm),51_70AI(in mm),71_105DRain(in mm),71_105DAI(in mm),Min temp_D1_D30,Max temp_D1_D30,Min temp_D31_D60,Max temp_D31_D60,Min temp_D61_D90,Max temp_D61_D90,Min temp_D91_D120,Max temp_D91_D120,Inst Wind Speed_D1_D30(in Knots),Inst Wind Speed_D31_D60(in Knots),Inst Wind Speed_D61_D90(in Knots),Inst Wind Speed_D91_D120(in Knots),Wind Direction_D1_D30,Wind Direction_D31_D60,Wind Direction_D61_D90,Wind Direction_D91_D120,Relative Humidity_D1_D30,Relative Humidity_D31_D60,Relative Humidity_D61_D90,Relative Humidity_D91_D120,Trash(in bundles),row_count,target_nunique,target_min,target_max
5,Sankarapuram,delux ponni,alluvial,125,62.5,wet,100,5,200,10,135.65,51.9,75,3000,18.1,21.9,185.6,272.4,166.1,250.9,60.2,64.8,20.5,32,17.5,28,18.0,34.0,16.5,35.0,10,12,10,12,SSE,W,SW,NW,72.7,91,83,81,400,22,18,30250,32345
4,Sankarapuram,delux ponni,clay,100,50.0,dry,80,4,160,8,108.52,41.52,60,2400,18.1,21.9,185.6,272.4,166.1,250.9,60.2,64.8,20.5,32,17.5,28,18.0,34.0,16.5,35.0,10,12,10,12,SSE,W,SW,NW,72.7,91,83,81,320,19,17,21640,25640
5,Chinnasalem,ponmani,alluvial,125,62.5,dry,100,5,200,10,135.65,51.9,75,3000,18.1,21.9,185.6,272.4,166.1,250.9,60.2,64.8,18.0,31,15.5,34,15.0,33.0,15.0,31.5,6,6,8,10,E,ENE,NE,NNW,78.6,80,92,88,500,22,16,27315,31920
5,Cuddalore,ponmani,clay,125,62.5,dry,100,5,200,10,135.65,51.9,75,3000,19.6,20.4,187.2,270.8,167.0,250.0,61.0,64.0,18.5,34,16.0,30,15.5,31.0,16.0,33.0,4,10,8,10,SW,W,NNW,WSW,72.0,78,88,85,500,20,16,27460,31780
5,Kurinjipadi,ponmani,alluvial,125,62.5,dry,100,5,200,10,135.65,51.9,75,3000,19.6,20.4,187.2,270.8,167.0,250.0,61.0,64.0,19.5,34,18.5,35,17.0,32.5,16.0,30.5,10,4,10,6,NW,S,SE,SSE,64.6,85,84,87,500,21,15,27460,32050
5,Chinnasalem,ponmani,clay,125,62.5,dry,100,5,200,10,135.65,51.9,75,3000,18.1,21.9,185.6,272.4,166.1,250.9,60.2,64.8,18.0,31,15.5,34,15.0,33.0,15.0,31.5,6,6,8,10,E,ENE,NE,NNW,78.6,80,92,88,500,17,15,28615,32345
5,Kurinjipadi,ponmani,clay,125,62.5,dry,100,5,200,10,135.65,51.9,75,3000,19.6,20.4,187.2,270.8,167.0,250.0,61.0,64.0,19.5,34,18.5,35,17.0,32.5,16.0,30.5,10,4,10,6,NW,S,SE,SSE,64.6,85,84,87,500,16,15,28615,32085
5,Sankarapuram,CO_43,clay,125,62.5,dry,100,5,200,10,135.65,51.9,75,3000,18.1,21.9,185.6,272.4,166.1,250.9,60.2,64.8,20.5,32,17.5,28,18.0,34.0,16.5,35.0,10,12,10,12,SSE,W,SW,NW,72.7,91,83,81,450,22,14,30405,32345
5,Kallakurichi,delux ponni,alluvial,125,62.5,dry,100,5,200,10,135.65,51.9,75,3000,18.5,21.5,185.2,272.8,165.3,251.7,60.0,65.0,19.0,33,17.0,32,16.5,31.5,15.5,32.5,8,6,8,6,W,WNW,SE,S,88.5,95,81,84,400,19,14,30075,32345
5,Chinnasalem,ponmani,clay,125,62.5,wet,100,5,200,10,135.65,51.9,75,3000,18.1,21.9,185.6,272.4,166.1,250.9,60.2,64.8,18.0,31,15.5,34,15.0,33.0,15.0,31.5,6,6,8,10,E,ENE,NE,NNW,78.6,80,92,88,500,16,14,29180,32050
5,Sankarapuram,ponmani,alluvial,125,62.5,wet,100,5,200,10,135.65,51.9,75,3000,18.1,21.9,185.6,272.4,166.1,250.9,60.2,64.8,20.5,32,17.5,28,18.0,34.0,16.5,35.0,10,12,10,12,SSE,W,SW,NW,72.7,91,83,81,500,15,14,30100,32155
5,Sankarapuram,ponmani,clay,125,62.5,wet,100,5,200,10,135.65,51.9,75,3000,18.1,21.9,185.6,272.4,166.1,250.9,60.2,64.8,20.5,32,17.5,28,18.0,34.0,16.5,35.0,10,12,10,12,SSE,W,SW,NW,72.7,91,83,81,500,15,14,30075,32090
5,Panruti,delux ponni,clay,125,62.5,dry,100,5,200,10,135.65,51.9,75,3000,18.5,21.5,185.2,272.8,165.3,251.7,60.0,65.0,20.0,35,18.0,30,17.5,33.5,18.0,33.0,4,12,4,12,ENE,NE,NNE,W,85.0,96,84,79,400,19,13,30575,32050
5,Sankarapuram,delux ponni,clay,125,62.5,wet,100,5,200,10,135.65,51.9,75,3000,18.1,21.9,185.6,272.4,166.1,250.9,60.2,64.8,20.5,32,17.5,28,18.0,34.0,16.5,35.0,10,12,10,12,SSE,W,SW,NW,72.7,91,83,81,400,17,13,30355,31815
5,Sankarapuram,ponmani,clay,125,62.5,dry,100,5,200,10,135.65,51.9,75,3000,18.1,21.9,185.6,272.4,166.1,250.9,60.2,64.8,20.5,32,17.5,28,18.0,34.0,16.5,35.0,10,12,10,12,SSE,W,SW,NW,72.7,91,83,81,500,17,13,29180,32345
4,Kurinjipadi,ponmani,clay,100,50.0,wet,80,4,160,8,108.52,41.52,60,2400,19.6,20.4,187.2,270.8,167.0,250.0,61.0,64.0,19.5,34,18.5,35,17.0,32.5,16.0,30.5,10,4,10,6,NW,S,SE,SSE,64.6,85,84,87,400,15,13,22380,25876
4,Sankarapuram,delux ponni,alluvial,100,50.0,dry,80,4,160,8,108.52,41.52,60,2400,18.1,21.9,185.6,272.4,166.1,250.9,60.2,64.8,20.5,32,17.5,28,18.0,34.0,16.5,35.0,10,12,10,12,SSE,W,SW,NW,72.7,91,83,81,320,15,13,22892,25876
5,Kurinjipadi,delux ponni,clay,125,62.5,wet,100,5,200,10,135.65,51.9,75,3000,19.6,20.4,187.2,270.8,167.0,250.0,61.0,64.0,19.5,34,18.5,35,17.0,32.5,16.0,30.5,10,4,10,6,NW,S,SE,SSE,64.6,85,84,87,400,15,13,30100,32345
5,Kallakurichi,ponmani,clay,125,62.5,wet,100,5,200,10,135.65,51.9,75,3000,18.5,21.5,185.2,272.8,165.3,251.7,60.0,65.0,19.0,33,17.0,32,16.5,31.5,15.5,32.5,8,6,8,6,W,WNW,SE,S,88.5,95,81,84,500,14,13,28615,32090
5,Chinnasalem,delux ponni,alluvial,125,62.5,dry,100,5,200,10,135.65,51.9,75,3000,18.1,21.9,185.6,272.4,166.1,250.9,60.2,64.8,18.0,31,15.5,34,15.0,33.0,15.0,31.5,6,6,8,10,E,ENE,NE,NNW,78.6,80,92,88,400,13,13,30075,32345
4,Sankarapuram,ponmani,clay,100,50.0,dry,80,4,160,8,108.52,41.52,60,2400,18.1,21.9,185.6,272.4,166.1,250.9,60.2,64.8,20.5,32,17.5,28,18.0,34.0,16.5,35.0,10,12,10,12,SSE,W,SW,NW,72.7,91,83,81,400,15,12,22564,25876
4,Kurinjipadi,delux ponni,clay,100,50.0,dry,80,4,160,8,108.52,41.52,60,2400,19.6,20.4,187.2,270.8,167.0,250.0,61.0,64.0,19.5,34,18.5,35,17.0,32.5,16.0,30.5,10,4,10,6,NW,S,SE,SSE,64.6,85,84,87,320,14,12,22080,25876
5,Kallakurichi,ponmani,clay,125,62.5,dry,100,5,200,10,135.65,51.9,75,3000,18.5,21.5,185.2,272.8,165.3,251.7,60.0,65.0,19.0,33,17.0,32,16.5,31.5,15.5,32.5,8,6,8,6,W,WNW,SE,S,88.5,95,81,84,500,14,12,29275,32345
5,Sankarapuram,delux ponni,clay,125,62.5,dry,100,5,200,10,135.65,51.9,75,3000,18.1,21.9,185.6,272.4,166.1,250.9,60.2,64.8,20.5,32,17.5,28,18.0,34.0,16.5,35.0,10,12,10,12,SSE,W,SW,NW,72.7,91,83,81,400,14,12,30250,32345
4,Sankarapuram,CO_43,clay,100,50.0,dry,80,4,160,8,108.52,41.52,60,2400,18.1,21.9,185.6,272.4,166.1,250.9,60.2,64.8,20.5,32,17.5,28,18.0,34.0,16.5,35.0,10,12,10,12,SSE,W,SW,NW,72.7,91,83,81,360,13,12,22476,25668
5,Sankarapuram,CO_43,clay,125,62.5,wet,100,5,200,10,135.65,51.9,75,3000,18.1,21.9,185.6,272.4,166.1,250.9,60.2,64.8,20.5,32,17.5,28,18.0,34.0,16.5,35.0,10,12,10,12,SSE,W,SW,NW,72.7,91,83,81,450,13,12,30285,32090
5,Sankarapuram,delux ponni,alluvial,125,62.5,dry,100,5,200,10,135.65,51.9,75,3000,18.1,21.9,185.6,272.4,166.1,250.9,60.2,64.8,20.5,32,17.5,28,18.0,34.0,16.5,35.0,10,12,10,12,SSE,W,SW,NW,72.7,91,83,81,400,13,12,30075,31815
5,Sankarapuram,CO_43,alluvial,125,62.5,dry,100,5,200,10,135.65,51.9,75,3000,18.1,21.9,185.6,272.4,166.1,250.9,60.2,64.8,20.5,32,17.5,28,18.0,34.0,16.5,35.0,10,12,10,12,SSE,W,SW,NW,72.7,91,83,81,450,17,11,29365,32050
5,Panruti,delux ponni,clay,125,62.5,wet,100,5,200,10,135.65,51.9,75,3000,18.5,21.5,185.2,272.8,165.3,251.7,60.0,65.0,20.0,35,18.0,30,17.5,33.5,18.0,33.0,4,12,4,12,ENE,NE,NNE,W,85.0,96,84,79,400,16,11,30405,32345
5,Kallakurichi,ponmani,alluvial,125,62.5,dry,100,5,200,10,135.65,51.9,75,3000,18.5,21.5,185.2,272.8,165.3,251.7,60.0,65.0,19.0,33,17.0,32,16.5,31.5,15.5,32.5,8,6,8,6,W,WNW,SE,S,88.5,95,81,84,500,15,11,27460,32155
5,Panruti,ponmani,clay,125,62.5,dry,100,5,200,10,135.65,51.9,75,3000,18.5,21.5,185.2,272.8,165.3,251.7,60.0,65.0,20.0,35,18.0,30,17.5,33.5,18.0,33.0,4,12,4,12,ENE,NE,NNE,W,85.0,96,84,79,500,15,11,30285,32345
5,Panruti,ponmani,clay,125,62.5,wet,100,5,200,10,135.65,51.9,75,3000,18.5,21.5,185.2,272.8,165.3,251.7,60.0,65.0,20.0,35,18.0,30,17.5,33.5,18.0,33.0,4,12,4,12,ENE,NE,NNE,W,85.0,96,84,79,500,14,11,27600,32345
4,Cuddalore,ponmani,clay,100,50.0,dry,80,4,160,8,108.52,41.52,60,2400,19.6,20.4,187.2,270.8,167.0,250.0,61.0,64.0,18.5,34,16.0,30,15.5,31.0,16.0,33.0,4,10,8,10,SW,W,NNW,WSW,72.0,78,88,85,400,13,11,22320,25672
4,Panruti,delux ponni,clay,100,50.0,wet,80,4,160,8,108.52,41.52,60,2400,18.5,21.5,185.2,272.8,165.3,251.7,60.0,65.0,20.0,35,18.0,30,17.5,33.5,18.0,33.0,4,12,4,12,ENE,NE,NNE,W,85.0,96,84,79,320,13,11,22108,25448
4,Chinnasalem,ponmani,clay,100,50.0,wet,80,4,160,8,108.52,41.52,60,2400,18.1,21.9,185.6,272.4,166.1,250.9,60.2,64.8,18.0,31,15.5,34,15.0,33.0,15.0,31.5,6,6,8,10,E,ENE,NE,NNW,78.6,80,92,88,400,12,11,22108,25448
4,Kallakurichi,ponmani,alluvial,100,50.0,dry,80,4,160,8,108.52,41.52,60,2400,18.5,21.5,185.2,272.8,165.3,251.7,60.0,65.0,19.0,33,17.0,32,16.5,31.5,15.5,32.5,8,6,8,6,W,WNW,SE,S,88.5,95,81,84,400,12,11,22108,25640
5,Cuddalore,ponmani,alluvial,125,62.5,wet,100,5,200,10,135.65,51.9,75,3000,19.6,20.4,187.2,270.8,167.0,250.0,61.0,64.0,18.5,34,16.0,30,15.5,31.0,16.0,33.0,4,10,8,10,SW,W,NNW,WSW,72.0,78,88,85,500,12,11,27270,32050
4,Chinnasalem,delux ponni,alluvial,100,50.0,dry,80,4,160,8,108.52,41.52,60,2400,18.1,21.9,185.6,272.4,166.1,250.9,60.2,64.8,18.0,31,15.5,34,15.0,33.0,15.0,31.5,6,6,8,10,E,ENE,NE,NNW,78.6,80,92,88,320,11,11,21968,25448
4,Sankarapuram,ponmani,clay,100,50.0,wet,80,4,160,8,108.52,41.52,60,2400,18.1,21.9,185.6,272.4,166.1,250.9,60.2,64.8,20.5,32,17.5,28,18.0,34.0,16.5,35.0,10,12,10,12,SSE,W,SW,NW,72.7,91,83,81,400,11,11,21640,25876
5,Panruti,CO_43,clay,125,62.5,dry,100,5,200,10,135.65,51.9,75,3000,18.5,21.5,185.2,272.8,165.3,251.7,60.0,65.0,20.0,35,18.0,30,17.5,33.5,18.0,33.0,4,12,4,12,ENE,NE,NNE,W,85.0,96,84,79,450,11,11,29180,32080
5,Cuddalore,delux ponni,clay,125,62.5,dry,100,5,200,10,135.65,51.9,75,3000,19.6,20.4,187.2,270.8,167.0,250.0,61.0,64.0,18.5,34,16.0,30,15.5,31.0,16.0,33.0,4,10,8,10,SW,W,NNW,WSW,72.0,78,88,85,400,18,10,30100,31815
3,Sankarapuram,CO_43,clay,75,37.5,dry,60,3,120,6,81.39,31.14,45,1800,18.1,21.9,185.6,272.4,166.1,250.9,60.2,64.8,20.5,32,17.5,28,18.0,34.0,16.5,35.0,10,12,10,12,SSE,W,SW,NW,72.7,91,83,81,270,16,10,16230,17748
5,Kurinjipadi,CO_43,clay,125,62.5,dry,100,5,200,10,135.65,51.9,75,3000,19.6,20.4,187.2,270.8,167.0,250.0,61.0,64.0,19.5,34,18.5,35,17.0,32.5,16.0,30.5,10,4,10,6,NW,S,SE,SSE,64.6,85,84,87,450,16,10,30075,32345
3,Sankarapuram,ponmani,clay,75,37.5,dry,60,3,120,6,81.39,31.14,45,1800,18.1,21.9,185.6,272.4,166.1,250.9,60.2,64.8,20.5,32,17.5,28,18.0,34.0,16.5,35.0,10,12,10,12,SSE,W,SW,NW,72.7,91,83,81,300,13,10,16230,17748
5,Cuddalore,delux ponni,alluvial,125,62.5,dry,100,5,200,10,135.65,51.9,75,3000,19.6,20.4,187.2,270.8,167.0,250.0,61.0,64.0,18.5,34,16.0,30,15.5,31.0,16.0,33.0,4,10,8,10,SW,W,NNW,WSW,72.0,78,88,85,400,12,10,30460,31815
5,Sankarapuram,CO_43,alluvial,125,62.5,wet,100,5,200,10,135.65,51.9,75,3000,18.1,21.9,185.6,272.4,166.1,250.9,60.2,64.8,20.5,32,17.5,28,18.0,34.0,16.5,35.0,10,12,10,12,SSE,W,SW,NW,72.7,91,83,81,450,12,10,29415,32345
2,Sankarapuram,delux ponni,clay,50,25.0,dry,40,2,80,4,54.26,20.76,30,1200,18.1,21.9,185.6,272.4,166.1,250.9,60.2,64.8,20.5,32,17.5,28,18.0,34.0,16.5,35.0,10,12,10,12,SSE,W,SW,NW,72.7,91,83,81,160,11,10,10820,11884
4,Cuddalore,ponmani,alluvial,100,50.0,dry,80,4,160,8,108.52,41.52,60,2400,19.6,20.4,187.2,270.8,167.0,250.0,61.0,64.0,18.5,34,16.0,30,15.5,31.0,16.0,33.0,4,10,8,10,SW,W,NNW,WSW,72.0,78,88,85,400,11,10,23304,25616
4,Kallakurichi,delux ponni,clay,100,50.0,wet,80,4,160,8,108.52,41.52,60,2400,18.5,21.5,185.2,272.8,165.3,251.7,60.0,65.0,19.0,33,17.0,32,16.5,31.5,15.5,32.5,8,6,8,6,W,WNW,SE,S,88.5,95,81,84,320,11,10,22512,25300
4,Kurinjipadi,delux ponni,alluvial,100,50.0,dry,80,4,160,8,108.52,41.52,60,2400,19.6,20.4,187.2,270.8,167.0,250.0,61.0,64.0,19.5,34,18.5,35,17.0,32.5,16.0,30.5,10,4,10,6,NW,S,SE,SSE,64.6,85,84,87,320,11,10,22100,25876
4,Sankarapuram,delux ponni,clay,100,50.0,wet,80,4,160,8,108.52,41.52,60,2400,18.1,21.9,185.6,272.4,166.1,250.9,60.2,64.8,20.5,32,17.5,28,18.0,34.0,16.5,35.0,10,12,10,12,SSE,W,SW,NW,72.7,91,83,81,320,11,10,23776,25228
4,Sankarapuram,ponmani,alluvial,100,50.0,wet,80,4,160,8,108.52,41.52,60,2400,18.1,21.9,185.6,272.4,166.1,250.9,60.2,64.8,20.5,32,17.5,28,18.0,34.0,16.5,35.0,10,12,10,12,SSE,W,SW,NW,72.7,91,83,81,400,11,10,22892,25724
5,Cuddalore,CO_43,clay,125,62.5,wet,100,5,200,10,135.65,51.9,75,3000,19.6,20.4,187.2,270.8,167.0,250.0,61.0,64.0,18.5,34,16.0,30,15.5,31.0,16.0,33.0,4,10,8,10,SW,W,NNW,WSW,72.0,78,88,85,450,11,10,27660,32155
5,Kurinjipadi,ponmani,alluvial,125,62.5,wet,100,5,200,10,135.65,51.9,75,3000,19.6,20.4,187.2,270.8,167.0,250.0,61.0,64.0,19.5,34,18.5,35,17.0,32.5,16.0,30.5,10,4,10,6,NW,S,SE,SSE,64.6,85,84,87,500,11,10,27460,31815
2,Kurinjipadi,delux ponni,alluvial,50,25.0,wet,40,2,80,4,54.26,20.76,30,1200,19.6,20.4,187.2,270.8,167.0,250.0,61.0,64.0,19.5,34,18.5,35,17.0,32.5,16.0,30.5,10,4,10,6,NW,S,SE,SSE,64.6,85,84,87,160,10,10,11190,11832
2,Sankarapuram,delux ponni,clay,50,25.0,wet,40,2,80,4,54.26,20.76,30,1200,18.1,21.9,185.6,272.4,166.1,250.9,60.2,64.8,20.5,32,17.5,28,18.0,34.0,16.5,35.0,10,12,10,12,SSE,W,SW,NW,72.7,91,83,81,160,10,10,10906,11994
2,Sankarapuram,ponmani,clay,50,25.0,dry,40,2,80,4,54.26,20.76,30,1200,18.1,21.9,185.6,272.4,166.1,250.9,60.2,64.8,20.5,32,17.5,28,18.0,34.0,16.5,35.0,10,12,10,12,SSE,W,SW,NW,72.7,91,83,81,200,10,10,11050,11998
4,Cuddalore,delux ponni,alluvial,100,50.0,dry,80,4,160,8,108.52,41.52,60,2400,19.6,20.4,187.2,270.8,167.0,250.0,61.0,64.0,18.5,34,16.0,30,15.5,31.0,16.0,33.0,4,10,8,10,SW,W,NNW,WSW,72.0,78,88,85,320,10,10,21640,25300
4,Kallakurichi,ponmani,alluvial,100,50.0,wet,80,4,160,8,108.52,41.52,60,2400,18.5,21.5,185.2,272.8,165.3,251.7,60.0,65.0,19.0,33,17.0,32,16.5,31.5,15.5,32.5,8,6,8,6,W,WNW,SE,S,88.5,95,81,84,400,10,10,22512,25448
5,Kallakurichi,delux ponni,clay,125,62.5,dry,100,5,200,10,135.65,51.9,75,3000,18.5,21.5,185.2,272.8,165.3,251.7,60.0,65.0,19.0,33,17.0,32,16.5,31.5,15.5,32.5,8,6,8,6,W,WNW,SE,S,88.5,95,81,84,400,15,9,30575,32090
3,Sankarapuram,delux ponni,clay,75,37.5,dry,60,3,120,6,81.39,31.14,45,1800,18.1,21.9,185.6,272.4,166.1,250.9,60.2,64.8,20.5,32,17.5,28,18.0,34.0,16.5,35.0,10,12,10,12,SSE,W,SW,NW,72.7,91,83,81,240,14,9,16389,17724
4,Kurinjipadi,ponmani,alluvial,100,50.0,dry,80,4,160,8,108.52,41.52,60,2400,19.6,20.4,187.2,270.8,167.0,250.0,61.0,64.0,19.5,34,18.5,35,17.0,32.5,16.0,30.5,10,4,10,6,NW,S,SE,SSE,64.6,85,84,87,400,14,9,23492,25452
5,Cuddalore,delux ponni,clay,125,62.5,wet,100,5,200,10,135.65,51.9,75,3000,19.6,20.4,187.2,270.8,167.0,250.0,61.0,64.0,18.5,34,16.0,30,15.5,31.0,16.0,33.0,4,10,8,10,SW,W,NNW,WSW,72.0,78,88,85,400,14,9,30250,31625
2,Panruti,CO_43,clay,50,25.0,wet,40,2,80,4,54.26,20.76,30,1200,18.5,21.5,185.2,272.8,165.3,251.7,60.0,65.0,20.0,35,18.0,30,17.5,33.5,18.0,33.0,4,12,4,12,ENE,NE,NNE,W,85.0,96,84,79,180,12,9,10820,11988
3,Kurinjipadi,ponmani,clay,75,37.5,dry,60,3,120,6,81.39,31.14,45,1800,19.6,20.4,187.2,270.8,167.0,250.0,61.0,64.0,19.5,34,18.5,35,17.0,32.5,16.0,30.5,10,4,10,6,NW,S,SE,SSE,64.6,85,84,87,300,12,9,16389,17748
5,Kurinjipadi,delux ponni,alluvial,125,62.5,wet,100,5,200,10,135.65,51.9,75,3000,19.6,20.4,187.2,270.8,167.0,250.0,61.0,64.0,19.5,34,18.5,35,17.0,32.5,16.0,30.5,10,4,10,6,NW,S,SE,SSE,64.6,85,84,87,400,12,9,30100,32080
3,Cuddalore,delux ponni,clay,75,37.5,dry,60,3,120,6,81.39,31.14,45,1800,19.6,20.4,187.2,270.8,167.0,250.0,61.0,64.0,18.5,34,16.0,30,15.5,31.0,16.0,33.0,4,10,8,10,SW,W,NNW,WSW,72.0,78,88,85,240,11,9,16359,17748
3,Sankarapuram,delux ponni,alluvial,75,37.5,dry,60,3,120,6,81.39,31.14,45,1800,18.1,21.9,185.6,272.4,166.1,250.9,60.2,64.8,20.5,32,17.5,28,18.0,34.0,16.5,35.0,10,12,10,12,SSE,W,SW,NW,72.7,91,83,81,240,11,9,16230,17748
4,Sankarapuram,CO_43,clay,100,50.0,wet,80,4,160,8,108.52,41.52,60,2400,18.1,21.9,185.6,272.4,166.1,250.9,60.2,64.8,20.5,32,17.5,28,18.0,34.0,16.5,35.0,10,12,10,12,SSE,W,SW,NW,72.7,91,83,81,360,11,9,21968,25876
5,Sankarapuram,ponmani,alluvial,125,62.5,dry,100,5,200,10,135.65,51.9,75,3000,18.1,21.9,185.6,272.4,166.1,250.9,60.2,64.8,20.5,32,17.5,28,18.0,34.0,16.5,35.0,10,12,10,12,SSE,W,SW,NW,72.7,91,83,81,500,11,9,29365,32050
2,Sankarapuram,delux ponni,alluvial,50,25.0,dry,40,2,80,4,54.26,20.76,30,1200,18.1,21.9,185.6,272.4,166.1,250.9,60.2,64.8,20.5,32,17.5,28,18.0,34.0,16.5,35.0,10,12,10,12,SSE,W,SW,NW,72.7,91,83,81,160,10,9,10820,11834
5,Cuddalore,ponmani,alluvial,125,62.5,dry,100,5,200,10,135.65,51.9,75,3000,19.6,20.4,187.2,270.8,167.0,250.0,61.0,64.0,18.5,34,16.0,30,15.5,31.0,16.0,33.0,4,10,8,10,SW,W,NNW,WSW,72.0,78,88,85,500,10,9,28935,31555
5,Cuddalore,ponmani,clay,125,62.5,wet,100,5,200,10,135.65,51.9,75,3000,19.6,20.4,187.2,270.8,167.0,250.0,61.0,64.0,18.5,34,16.0,30,15.5,31.0,16.0,33.0,4,10,8,10,SW,W,NNW,WSW,72.0,78,88,85,500,10,9,27100,31810
5,Kurinjipadi,delux ponni,clay,125,62.5,dry,100,5,200,10,135.65,51.9,75,3000,19.6,20.4,187.2,270.8,167.0,250.0,61.0,64.0,19.5,34,18.5,35,17.0,32.5,16.0,30.5,10,4,10,6,NW,S,SE,SSE,64.6,85,84,87,400,10,9,30575,32345
5,Panruti,delux ponni,alluvial,125,62.5,dry,100,5,200,10,135.65,51.9,75,3000,18.5,21.5,185.2,272.8,165.3,251.7,60.0,65.0,20.0,35,18.0,30,17.5,33.5,18.0,33.0,4,12,4,12,ENE,NE,NNE,W,85.0,96,84,79,400,10,9,30250,32345
4,Kallakurichi,ponmani,clay,100,50.0,wet,80,4,160,8,108.52,41.52,60,2400,18.5,21.5,185.2,272.8,165.3,251.7,60.0,65.0,19.0,33,17.0,32,16.5,31.5,15.5,32.5,8,6,8,6,W,WNW,SE,S,88.5,95,81,84,400,9,9,21812,25664
4,Panruti,delux ponni,clay,100,50.0,dry,80,4,160,8,108.52,41.52,60,2400,18.5,21.5,185.2,272.8,165.3,251.7,60.0,65.0,20.0,35,18.0,30,17.5,33.5,18.0,33.0,4,12,4,12,ENE,NE,NNE,W,85.0,96,84,79,320,9,9,23344,25300
5,Kurinjipadi,CO_43,alluvial,125,62.5,dry,100,5,200,10,135.65,51.9,75,3000,19.6,20.4,187.2,270.8,167.0,250.0,61.0,64.0,19.5,34,18.5,35,17.0,32.5,16.0,30.5,10,4,10,6,NW,S,SE,SSE,64.6,85,84,87,450,15,8,30075,32090
3,Sankarapuram,ponmani,alluvial,75,37.5,dry,60,3,120,6,81.39,31.14,45,1800,18.1,21.9,185.6,272.4,166.1,250.9,60.2,64.8,20.5,32,17.5,28,18.0,34.0,16.5,35.0,10,12,10,12,SSE,W,SW,NW,72.7,91,83,81,300,14,8,16230,17649
3,Kurinjipadi,CO_43,alluvial,75,37.5,dry,60,3,120,6,81.39,31.14,45,1800,19.6,20.4,187.2,270.8,167.0,250.0,61.0,64.0,19.5,34,18.5,35,17.0,32.5,16.0,30.5,10,4,10,6,NW,S,SE,SSE,64.6,85,84,87,270,13,8,16389,17748
3,Panruti,ponmani,clay,75,37.5,dry,60,3,120,6,81.39,31.14,45,1800,18.5,21.5,185.2,272.8,165.3,251.7,60.0,65.0,20.0,35,18.0,30,17.5,33.5,18.0,33.0,4,12,4,12,ENE,NE,NNE,W,85.0,96,84,79,300,12,8,16359,17748
4,Panruti,ponmani,alluvial,100,50.0,wet,80,4,160,8,108.52,41.52,60,2400,18.5,21.5,185.2,272.8,165.3,251.7,60.0,65.0,20.0,35,18.0,30,17.5,33.5,18.0,33.0,4,12,4,12,ENE,NE,NNE,W,85.0,96,84,79,400,12,8,23532,25672
5,Chinnasalem,delux ponni,clay,125,62.5,dry,100,5,200,10,135.65,51.9,75,3000,18.1,21.9,185.6,272.4,166.1,250.9,60.2,64.8,18.0,31,15.5,34,15.0,33.0,15.0,31.5,6,6,8,10,E,ENE,NE,NNW,78.6,80,92,88,400,11,8,30250,32345
5,Panruti,ponmani,alluvial,125,62.5,dry,100,5,200,10,135.65,51.9,75,3000,18.5,21.5,185.2,272.8,165.3,251.7,60.0,65.0,20.0,35,18.0,30,17.5,33.5,18.0,33.0,4,12,4,12,ENE,NE,NNE,W,85.0,96,84,79,500,11,8,28615,31135
2,Sankarapuram,ponmani,alluvial,50,25.0,wet,40,2,80,4,54.26,20.76,30,1200,18.1,21.9,185.6,272.4,166.1,250.9,60.2,64.8,20.5,32,17.5,28,18.0,34.0,16.5,35.0,10,12,10,12,SSE,W,SW,NW,72.7,91,83,81,200,10,8,10820,11928
3,Cuddalore,delux ponni,clay,75,37.5,wet,60,3,120,6,81.39,31.14,45,1800,19.6,20.4,187.2,270.8,167.0,250.0,61.0,64.0,18.5,34,16.0,30,15.5,31.0,16.0,33.0,4,10,8,10,SW,W,NNW,WSW,72.0,78,88,85,240,10,8,16359,17748
3,Kallakurichi,ponmani,alluvial,75,37.5,dry,60,3,120,6,81.39,31.14,45,1800,18.5,21.5,185.2,272.8,165.3,251.7,60.0,65.0,19.0,33,17.0,32,16.5,31.5,15.5,32.5,8,6,8,6,W,WNW,SE,S,88.5,95,81,84,300,10,8,16596,17949
4,Chinnasalem,CO_43,clay,100,50.0,dry,80,4,160,8,108.52,41.52,60,2400,18.1,21.9,185.6,272.4,166.1,250.9,60.2,64.8,18.0,31,15.5,34,15.0,33.0,15.0,31.5,6,6,8,10,E,ENE,NE,NNW,78.6,80,92,88,360,10,8,22892,25724
4,Cuddalore,delux ponni,clay,100,50.0,wet,80,4,160,8,108.52,41.52,60,2400,19.6,20.4,187.2,270.8,167.0,250.0,61.0,64.0,18.5,34,16.0,30,15.5,31.0,16.0,33.0,4,10,8,10,SW,W,NNW,WSW,72.0,78,88,85,320,10,8,21640,25244
4,Sankarapuram,ponmani,alluvial,100,50.0,dry,80,4,160,8,108.52,41.52,60,2400,18.1,21.9,185.6,272.4,166.1,250.9,60.2,64.8,20.5,32,17.5,28,18.0,34.0,16.5,35.0,10,12,10,12,SSE,W,SW,NW,72.7,91,83,81,400,10,8,22080,25640
5,Cuddalore,CO_43,alluvial,125,62.5,wet,100,5,200,10,135.65,51.9,75,3000,19.6,20.4,187.2,270.8,167.0,250.0,61.0,64.0,18.5,34,16.0,30,15.5,31.0,16.0,33.0,4,10,8,10,SW,W,NNW,WSW,72.0,78,88,85,450,10,8,30250,32345
2,Sankarapuram,ponmani,alluvial,50,25.0,dry,40,2,80,4,54.26,20.76,30,1200,18.1,21.9,185.6,272.4,166.1,250.9,60.2,64.8,20.5,32,17.5,28,18.0,34.0,16.5,35.0,10,12,10,12,SSE,W,SW,NW,72.7,91,83,81,200,9,8,10820,11966
3,Kurinjipadi,delux ponni,alluvial,75,37.5,dry,60,3,120,6,81.39,31.14,45,1800,19.6,20.4,187.2,270.8,167.0,250.0,61.0,64.0,19.5,34,18.5,35,17.0,32.5,16.0,30.5,10,4,10,6,NW,S,SE,SSE,64.6,85,84,87,240,9,8,16260,17619
3,Sankarapuram,ponmani,clay,75,37.5,wet,60,3,120,6,81.39,31.14,45,1800,18.1,21.9,185.6,272.4,166.1,250.9,60.2,64.8,20.5,32,17.5,28,18.0,34.0,16.5,35.0,10,12,10,12,SSE,W,SW,NW,72.7,91,83,81,300,9,8,16359,17748
4,Chinnasalem,CO_43,alluvial,100,50.0,dry,80,4,160,8,108.52,41.52,60,2400,18.1,21.9,185.6,272.4,166.1,250.9,60.2,64.8,18.0,31,15.5,34,15.0,33.0,15.0,31.5,6,6,8,10,E,ENE,NE,NNW,78.6,80,92,88,360,9,8,21812,25616
4,Chinnasalem,delux ponni,clay,100,50.0,wet,80,4,160,8,108.52,41.52,60,2400,18.1,21.9,185.6,272.4,166.1,250.9,60.2,64.8,18.0,31,15.5,34,15.0,33.0,15.0,31.5,6,6,8,10,E,ENE,NE,NNW,78.6,80,92,88,320,9,8,22108,25424
4,Cuddalore,CO_43,alluvial,100,50.0,dry,80,4,160,8,108.52,41.52,60,2400,19.6,20.4,187.2,270.8,167.0,250.0,61.0,64.0,18.5,34,16.0,30,15.5,31.0,16.0,33.0,4,10,8,10,SW,W,NNW,WSW,72.0,78,88,85,360,9,8,23420,25536
4,Kurinjipadi,ponmani,clay,100,50.0,dry,80,4,160,8,108.52,41.52,60,2400,19.6,20.4,187.2,270.8,167.0,250.0,61.0,64.0,19.5,34,18.5,35,17.0,32.5,16.0,30.5,10,4,10,6,NW,S,SE,SSE,64.6,85,84,87,400,9,8,22568,25724
4,Panruti,CO_43,clay,100,50.0,dry,80,4,160,8,108.52,41.52,60,2400,18.5,21.5,185.2,272.8,165.3,251.7,60.0,65.0,20.0,35,18.0,30,17.5,33.5,18.0,33.0,4,12,4,12,ENE,NE,NNE,W,85.0,96,84,79,360,9,8,22320,25452
4,Panruti,ponmani,clay,100,50.0,dry,80,4,160,8,108.52,41.52,60,2400,18.5,21.5,185.2,272.8,165.3,251.7,60.0,65.0,20.0,35,18.0,30,17.5,33.5,18.0,33.0,4,12,4,12,ENE,NE,NNE,W,85.0,96,84,79,400,9,8,23532,25300
5,Chinnasalem,CO_43,clay,125,62.5,wet,100,5,200,10,135.65,51.9,75,3000,18.1,21.9,185.6,272.4,166.1,250.9,60.2,64.8,18.0,31,15.5,34,15.0,33.0,15.0,31.5,6,6,8,10,E,ENE,NE,NNW,78.6,80,92,88,450,9,8,29365,32050
5,Kallakurichi,delux ponni,clay,125,62.5,wet,100,5,200,10,135.65,51.9,75,3000,18.5,21.5,185.2,272.8,165.3,251.7,60.0,65.0,19.0,33,17.0,32,16.5,31.5,15.5,32.5,8,6,8,6,W,WNW,SE,S,88.5,95,81,84,400,9,8,30805,32345
5,Kurinjipadi,delux ponni,alluvial,125,62.5,dry,100,5,200,10,135.65,51.9,75,3000,19.6,20.4,187.2,270.8,167.0,250.0,61.0,64.0,19.5,34,18.5,35,17.0,32.5,16.0,30.5,10,4,10,6,NW,S,SE,SSE,64.6,85,84,87,400,9,8,30075,32085
5,Panruti,CO_43,alluvial,125,62.5,wet,100,5,200,10,135.65,51.9,75,3000,18.5,21.5,185.2,272.8,165.3,251.7,60.0,65.0,20.0,35,18.0,30,17.5,33.5,18.0,33.0,4,12,4,12,ENE,NE,NNE,W,85.0,96,84,79,450,9,8,29180,32155
6,Cuddalore,CO_43,clay,150,75.0,dry,120,6,240,12,162.78,62.28,90,3600,19.6,20.4,187.2,270.8,167.0,250.0,61.0,64.0,18.5,34,16.0,30,15.5,31.0,16.0,33.0,4,10,8,10,SW,W,NNW,WSW,72.0,78,88,85,540,9,8,34338,38136
2,Kurinjipadi,delux ponni,clay,50,25.0,wet,40,2,80,4,54.26,20.76,30,1200,19.6,20.4,187.2,270.8,167.0,250.0,61.0,64.0,19.5,34,18.5,35,17.0,32.5,16.0,30.5,10,4,10,6,NW,S,SE,SSE,64.6,85,84,87,160,8,8,10984,11832
2,Kurinjipadi,ponmani,clay,50,25.0,dry,40,2,80,4,54.26,20.76,30,1200,19.6,20.4,187.2,270.8,167.0,250.0,61.0,64.0,19.5,34,18.5,35,17.0,32.5,16.0,30.5,10,4,10,6,NW,S,SE,SSE,64.6,85,84,87,200,8,8,10820,11938
4,Chinnasalem,ponmani,alluvial,100,50.0,wet,80,4,160,8,108.52,41.52,60,2400,18.1,21.9,185.6,272.4,166.1,250.9,60.2,64.8,18.0,31,15.5,34,15.0,33.0,15.0,31.5,6,6,8,10,E,ENE,NE,NNW,78.6,80,92,88,400,8,8,21812,25244
4,Kallakurichi,delux ponni,clay,100,50.0,dry,80,4,160,8,108.52,41.52,60,2400,18.5,21.5,185.2,272.8,165.3,251.7,60.0,65.0,19.0,33,17.0,32,16.5,31.5,15.5,32.5,8,6,8,6,W,WNW,SE,S,88.5,95,81,84,320,8,8,22080,25876
5,Cuddalore,CO_43,clay,125,62.5,dry,100,5,200,10,135.65,51.9,75,3000,19.6,20.4,187.2,270.8,167.0,250.0,61.0,64.0,18.5,34,16.0,30,15.5,31.0,16.0,33.0,4,10,8,10,SW,W,NNW,WSW,72.0,78,88,85,450,8,8,30250,32050
6,Chinnasalem,delux ponni,alluvial,150,75.0,wet,120,6,240,12,162.78,62.28,90,3600,18.1,21.9,185.6,272.4,166.1,250.9,60.2,64.8,18.0,31,15.5,34,15.0,33.0,15.0,31.5,6,6,8,10,E,ENE,NE,NNW,78.6,80,92,88,480,8,8,36090,37866
6,Kurinjipadi,ponmani,clay,150,75.0,wet,120,6,240,12,162.78,62.28,90,3600,19.6,20.4,187.2,270.8,167.0,250.0,61.0,64.0,19.5,34,18.5,35,17.0,32.5,16.0,30.5,10,4,10,6,NW,S,SE,SSE,64.6,85,84,87,600,8,8,32778,38814
5,Cuddalore,delux ponni,alluvial,125,62.5,wet,100,5,200,10,135.65,51.9,75,3000,19.6,20.4,187.2,270.8,167.0,250.0,61.0,64.0,18.5,34,16.0,30,15.5,31.0,16.0,33.0,4,10,8,10,SW,W,NNW,WSW,72.0,78,88,85,400,11,7,30405,31815
2,Kurinjipadi,ponmani,alluvial,50,25.0,dry,40,2,80,4,54.26,20.76,30,1200,19.6,20.4,187.2,270.8,167.0,250.0,61.0,64.0,19.5,34,18.5,35,17.0,32.5,16.0,30.5,10,4,10,6,NW,S,SE,SSE,64.6,85,84,87,200,10,7,10926,11766
2,Kurinjipadi,ponmani,clay,50,25.0,wet,40,2,80,4,54.26,20.76,30,1200,19.6,20.4,187.2,270.8,167.0,250.0,61.0,64.0,19.5,34,18.5,35,17.0,32.5,16.0,30.5,10,4,10,6,NW,S,SE,SSE,64.6,85,84,87,200,10,7,10984,11816
3,Chinnasalem,ponmani,alluvial,75,37.5,dry,60,3,120,6,81.39,31.14,45,1800,18.1,21.9,185.6,272.4,166.1,250.9,60.2,64.8,18.0,31,15.5,34,15.0,33.0,15.0,31.5,6,6,8,10,E,ENE,NE,NNW,78.6,80,92,88,300,10,7,16359,17748
3,Cuddalore,ponmani,clay,75,37.5,wet,60,3,120,6,81.39,31.14,45,1800,19.6,20.4,187.2,270.8,167.0,250.0,61.0,64.0,18.5,34,16.0,30,15.5,31.0,16.0,33.0,4,10,8,10,SW,W,NNW,WSW,72.0,78,88,85,300,10,7,16389,17748
3,Kallakurichi,ponmani,clay,75,37.5,dry,60,3,120,6,81.39,31.14,45,1800,18.5,21.5,185.2,272.8,165.3,251.7,60.0,65.0,19.0,33,17.0,32,16.5,31.5,15.5,32.5,8,6,8,6,W,WNW,SE,S,88.5,95,81,84,300,10,7,16389,17748
3,Kurinjipadi,ponmani,clay,75,37.5,wet,60,3,120,6,81.39,31.14,45,1800,19.6,20.4,187.2,270.8,167.0,250.0,61.0,64.0,19.5,34,18.5,35,17.0,32.5,16.0,30.5,10,4,10,6,NW,S,SE,SSE,64.6,85,84,87,300,10,7,16389,17724
2,Cuddalore,delux ponni,clay,50,25.0,wet,40,2,80,4,54.26,20.76,30,1200,19.6,20.4,187.2,270.8,167.0,250.0,61.0,64.0,18.5,34,16.0,30,15.5,31.0,16.0,33.0,4,10,8,10,SW,W,NNW,WSW,72.0,78,88,85,160,9,7,10820,11816
3,Chinnasalem,delux ponni,clay,75,37.5,wet,60,3,120,6,81.39,31.14,45,1800,18.1,21.9,185.6,272.4,166.1,250.9,60.2,64.8,18.0,31,15.5,34,15.0,33.0,15.0,31.5,6,6,8,10,E,ENE,NE,NNW,78.6,80,92,88,240,9,7,16389,17748
3,Kallakurichi,delux ponni,alluvial,75,37.5,dry,60,3,120,6,81.39,31.14,45,1800,18.5,21.5,185.2,272.8,165.3,251.7,60.0,65.0,19.0,33,17.0,32,16.5,31.5,15.5,32.5,8,6,8,6,W,WNW,SE,S,88.5,95,81,84,240,9,7,16359,17748
3,Kurinjipadi,delux ponni,clay,75,37.5,dry,60,3,120,6,81.39,31.14,45,1800,19.6,20.4,187.2,270.8,167.0,250.0,61.0,64.0,19.5,34,18.5,35,17.0,32.5,16.0,30.5,10,4,10,6,NW,S,SE,SSE,64.6,85,84,87,240,9,7,16476,17748
3,Sankarapuram,CO_43,alluvial,75,37.5,dry,60,3,120,6,81.39,31.14,45,1800,18.1,21.9,185.6,272.4,166.1,250.9,60.2,64.8,20.5,32,17.5,28,18.0,34.0,16.5,35.0,10,12,10,12,SSE,W,SW,NW,72.7,91,83,81,270,9,7,16389,17748
5,Kallakurichi,ponmani,alluvial,125,62.5,wet,100,5,200,10,135.65,51.9,75,3000,18.5,21.5,185.2,272.8,165.3,251.7,60.0,65.0,19.0,33,17.0,32,16.5,31.5,15.5,32.5,8,6,8,6,W,WNW,SE,S,88.5,95,81,84,500,9,7,30250,31555
1,Kallakurichi,ponmani,alluvial,25,12.5,dry,20,1,40,2,27.13,10.38,15,600,18.5,21.5,185.2,272.8,165.3,251.7,60.0,65.0,19.0,33,17.0,32,16.5,31.5,15.5,32.5,8,6,8,6,W,WNW,SE,S,88.5,95,81,84,100,8,7,5453,5916
2,Cuddalore,delux ponni,clay,50,25.0,dry,40,2,80,4,54.26,20.76,30,1200,19.6,20.4,187.2,270.8,167.0,250.0,61.0,64.0,18.5,34,16.0,30,15.5,31.0,16.0,33.0,4,10,8,10,SW,W,NNW,WSW,72.0,78,88,85,160,8,7,10906,11832
3,Cuddalore,CO_43,clay,75,37.5,wet,60,3,120,6,81.39,31.14,45,1800,19.6,20.4,187.2,270.8,167.0,250.0,61.0,64.0,18.5,34,16.0,30,15.5,31.0,16.0,33.0,4,10,8,10,SW,W,NNW,WSW,72.0,78,88,85,270,8,7,16230,17748
3,Cuddalore,delux ponni,alluvial,75,37.5,dry,60,3,120,6,81.39,31.14,45,1800,19.6,20.4,187.2,270.8,167.0,250.0,61.0,64.0,18.5,34,16.0,30,15.5,31.0,16.0,33.0,4,10,8,10,SW,W,NNW,WSW,72.0,78,88,85,240,8,7,16581,17751
4,Kurinjipadi,CO_43,alluvial,100,50.0,wet,80,4,160,8,108.52,41.52,60,2400,19.6,20.4,187.2,270.8,167.0,250.0,61.0,64.0,19.5,34,18.5,35,17.0,32.5,16.0,30.5,10,4,10,6,NW,S,SE,SSE,64.6,85,84,87,360,8,7,22892,25876
4,Panruti,CO_43,alluvial,100,50.0,dry,80,4,160,8,108.52,41.52,60,2400,18.5,21.5,185.2,272.8,165.3,251.7,60.0,65.0,20.0,35,18.0,30,17.5,33.5,18.0,33.0,4,12,4,12,ENE,NE,NNE,W,85.0,96,84,79,360,8,7,21968,25724
5,Chinnasalem,CO_43,alluvial,125,62.5,wet,100,5,200,10,135.65,51.9,75,3000,18.1,21.9,185.6,272.4,166.1,250.9,60.2,64.8,18.0,31,15.5,34,15.0,33.0,15.0,31.5,6,6,8,10,E,ENE,NE,NNW,78.6,80,92,88,450,8,7,29315,32155
5,Kallakurichi,CO_43,clay,125,62.5,dry,100,5,200,10,135.65,51.9,75,3000,18.5,21.5,185.2,272.8,165.3,251.7,60.0,65.0,19.0,33,17.0,32,16.5,31.5,15.5,32.5,8,6,8,6,W,WNW,SE,S,88.5,95,81,84,450,8,7,30250,31815
5,Kurinjipadi,ponmani,clay,125,62.5,wet,100,5,200,10,135.65,51.9,75,3000,19.6,20.4,187.2,270.8,167.0,250.0,61.0,64.0,19.5,34,18.5,35,17.0,32.5,16.0,30.5,10,4,10,6,NW,S,SE,SSE,64.6,85,84,87,500,8,7,27265,31920
2,Kallakurichi,ponmani,alluvial,50,25.0,wet,40,2,80,4,54.26,20.76,30,1200,18.5,21.5,185.2,272.8,165.3,251.7,60.0,65.0,19.0,33,17.0,32,16.5,31.5,15.5,32.5,8,6,8,6,W,WNW,SE,S,88.5,95,81,84,200,7,7,10912,11710
2,Kallakurichi,ponmani,clay,50,25.0,wet,40,2,80,4,54.26,20.76,30,1200,18.5,21.5,185.2,272.8,165.3,251.7,60.0,65.0,19.0,33,17.0,32,16.5,31.5,15.5,32.5,8,6,8,6,W,WNW,SE,S,88.5,95,81,84,200,7,7,11040,11746
3,Kurinjipadi,ponmani,alluvial,75,37.5,wet,60,3,120,6,81.39,31.14,45,1800,19.6,20.4,187.2,270.8,167.0,250.0,61.0,64.0,19.5,34,18.5,35,17.0,32.5,16.0,30.5,10,4,10,6,NW,S,SE,SSE,64.6,85,84,87,300,7,7,16476,17748
4,Chinnasalem,ponmani,clay,100,50.0,dry,80,4,160,8,108.52,41.52,60,2400,18.1,21.9,185.6,272.4,166.1,250.9,60.2,64.8,18.0,31,15.5,34,15.0,33.0,15.0,31.5,6,6,8,10,E,ENE,NE,NNW,78.6,80,92,88,400,7,7,22108,25244
4,Cuddalore,delux ponni,alluvial,100,50.0,wet,80,4,160,8,108.52,41.52,60,2400,19.6,20.4,187.2,270.8,167.0,250.0,61.0,64.0,18.5,34,16.0,30,15.5,31.0,16.0,33.0,4,10,8,10,SW,W,NNW,WSW,72.0,78,88,85,320,7,7,23452,25300
4,Panruti,delux ponni,alluvial,100,50.0,wet,80,4,160,8,108.52,41.52,60,2400,18.5,21.5,185.2,272.8,165.3,251.7,60.0,65.0,20.0,35,18.0,30,17.5,33.5,18.0,33.0,4,12,4,12,ENE,NE,NNE,W,85.0,96,84,79,320,7,7,22812,25672
4,Sankarapuram,CO_43,alluvial,100,50.0,dry,80,4,160,8,108.52,41.52,60,2400,18.1,21.9,185.6,272.4,166.1,250.9,60.2,64.8,20.5,32,17.5,28,18.0,34.0,16.5,35.0,10,12,10,12,SSE,W,SW,NW,72.7,91,83,81,360,7,7,22448,25136
6,Kallakurichi,CO_43,alluvial,150,75.0,wet,120,6,240,12,162.78,62.28,90,3600,18.5,21.5,185.2,272.8,165.3,251.7,60.0,65.0,19.0,33,17.0,32,16.5,31.5,15.5,32.5,8,6,8,6,W,WNW,SE,S,88.5,95,81,84,540,7,7,32952,37926
3,Chinnasalem,ponmani,clay,75,37.5,dry,60,3,120,6,81.39,31.14,45,1800,18.1,21.9,185.6,272.4,166.1,250.9,60.2,64.8,18.0,31,15.5,34,15.0,33.0,15.0,31.5,6,6,8,10,E,ENE,NE,NNW,78.6,80,92,88,300,12,6,17169,17910
3,Sankarapuram,delux ponni,clay,75,37.5,wet,60,3,120,6,81.39,31.14,45,1800,18.1,21.9,185.6,272.4,166.1,250.9,60.2,64.8,20.5,32,17.5,28,18.0,34.0,16.5,35.0,10,12,10,12,SSE,W,SW,NW,72.7,91,83,81,240,9,6,16260,17649
2,Chinnasalem,ponmani,alluvial,50,25.0,wet,40,2,80,4,54.26,20.76,30,1200,18.1,21.9,185.6,272.4,166.1,250.9,60.2,64.8,18.0,31,15.5,34,15.0,33.0,15.0,31.5,6,6,8,10,E,ENE,NE,NNW,78.6,80,92,88,200,8,6,10820,11862
4,Cuddalore,CO_43,alluvial,100,50.0,wet,80,4,160,8,108.52,41.52,60,2400,19.6,20.4,187.2,270.8,167.0,250.0,61.0,64.0,18.5,34,16.0,30,15.5,31.0,16.0,33.0,4,10,8,10,SW,W,NNW,WSW,72.0,78,88,85,360,8,6,22892,25876
4,Kurinjipadi,CO_43,clay,100,50.0,wet,80,4,160,8,108.52,41.52,60,2400,19.6,20.4,187.2,270.8,167.0,250.0,61.0,64.0,19.5,34,18.5,35,17.0,32.5,16.0,30.5,10,4,10,6,NW,S,SE,SSE,64.6,85,84,87,360,8,6,22892,25640
5,Kurinjipadi,CO_43,alluvial,125,62.5,wet,100,5,200,10,135.65,51.9,75,3000,19.6,20.4,187.2,270.8,167.0,250.0,61.0,64.0,19.5,34,18.5,35,17.0,32.5,16.0,30.5,10,4,10,6,NW,S,SE,SSE,64.6,85,84,87,450,8,6,30755,32050
5,Kurinjipadi,CO_43,clay,125,62.5,wet,100,5,200,10,135.65,51.9,75,3000,19.6,20.4,187.2,270.8,167.0,250.0,61.0,64.0,19.5,34,18.5,35,17.0,32.5,16.0,30.5,10,4,10,6,NW,S,SE,SSE,64.6,85,84,87,450,8,6,30250,32345
1,Kallakurichi,ponmani,alluvial,25,12.5,wet,20,1,40,2,27.13,10.38,15,600,18.5,21.5,185.2,272.8,165.3,251.7,60.0,65.0,19.0,33,17.0,32,16.5,31.5,15.5,32.5,8,6,8,6,W,WNW,SE,S,88.5,95,81,84,100,7,6,5453,5916
2,Cuddalore,ponmani,clay,50,25.0,wet,40,2,80,4,54.26,20.76,30,1200,19.6,20.4,187.2,270.8,167.0,250.0,61.0,64.0,18.5,34,16.0,30,15.5,31.0,16.0,33.0,4,10,8,10,SW,W,NNW,WSW,72.0,78,88,85,200,7,6,11126,12000
2,Kallakurichi,ponmani,alluvial,50,25.0,dry,40,2,80,4,54.26,20.76,30,1200,18.5,21.5,185.2,272.8,165.3,251.7,60.0,65.0,19.0,33,17.0,32,16.5,31.5,15.5,32.5,8,6,8,6,W,WNW,SE,S,88.5,95,81,84,200,7,6,10906,11846
2,Kurinjipadi,delux ponni,clay,50,25.0,dry,40,2,80,4,54.26,20.76,30,1200,19.6,20.4,187.2,270.8,167.0,250.0,61.0,64.0,19.5,34,18.5,35,17.0,32.5,16.0,30.5,10,4,10,6,NW,S,SE,SSE,64.6,85,84,87,160,7,6,11154,11928
2,Panruti,delux ponni,clay,50,25.0,wet,40,2,80,4,54.26,20.76,30,1200,18.5,21.5,185.2,272.8,165.3,251.7,60.0,65.0,20.0,35,18.0,30,17.5,33.5,18.0,33.0,4,12,4,12,ENE,NE,NNE,W,85.0,96,84,79,160,7,6,10926,11746
4,Chinnasalem,ponmani,alluvial,100,50.0,dry,80,4,160,8,108.52,41.52,60,2400,18.1,21.9,185.6,272.4,166.1,250.9,60.2,64.8,18.0,31,15.5,34,15.0,33.0,15.0,31.5,6,6,8,10,E,ENE,NE,NNW,78.6,80,92,88,400,7,6,22360,25452
4,Cuddalore,delux ponni,clay,100,50.0,dry,80,4,160,8,108.52,41.52,60,2400,19.6,20.4,187.2,270.8,167.0,250.0,61.0,64.0,18.5,34,16.0,30,15.5,31.0,16.0,33.0,4,10,8,10,SW,W,NNW,WSW,72.0,78,88,85,320,7,6,21852,25876
4,Panruti,ponmani,clay,100,50.0,wet,80,4,160,8,108.52,41.52,60,2400,18.5,21.5,185.2,272.8,165.3,251.7,60.0,65.0,20.0,35,18.0,30,17.5,33.5,18.0,33.0,4,12,4,12,ENE,NE,NNE,W,85.0,96,84,79,400,7,6,21852,24908
5,Chinnasalem,delux ponni,alluvial,125,62.5,wet,100,5,200,10,135.65,51.9,75,3000,18.1,21.9,185.6,272.4,166.1,250.9,60.2,64.8,18.0,31,15.5,34,15.0,33.0,15.0,31.5,6,6,8,10,E,ENE,NE,NNW,78.6,80,92,88,400,7,6,30250,31555
5,Chinnasalem,delux ponni,clay,125,62.5,wet,100,5,200,10,135.65,51.9,75,3000,18.1,21.9,185.6,272.4,166.1,250.9,60.2,64.8,18.0,31,15.5,34,15.0,33.0,15.0,31.5,6,6,8,10,E,ENE,NE,NNW,78.6,80,92,88,400,7,6,30575,32085
5,Kallakurichi,delux ponni,alluvial,125,62.5,wet,100,5,200,10,135.65,51.9,75,3000,18.5,21.5,185.2,272.8,165.3,251.7,60.0,65.0,19.0,33,17.0,32,16.5,31.5,15.5,32.5,8,6,8,6,W,WNW,SE,S,88.5,95,81,84,400,7,6,30075,32345
6,Sankarapuram,ponmani,clay,150,75.0,wet,120,6,240,12,162.78,62.28,90,3600,18.1,21.9,185.6,272.4,166.1,250.9,60.2,64.8,20.5,32,17.5,28,18.0,34.0,16.5,35.0,10,12,10,12,SSE,W,SW,NW,72.7,91,83,81,600,7,6,33864,37242
1,Panruti,ponmani,clay,25,12.5,dry,20,1,40,2,27.13,10.38,15,600,18.5,21.5,185.2,272.8,165.3,251.7,60.0,65.0,20.0,35,18.0,30,17.5,33.5,18.0,33.0,4,12,4,12,ENE,NE,NNE,W,85.0,96,84,79,100,6,6,5463,5883
2,Chinnasalem,CO_43,alluvial,50,25.0,wet,40,2,80,4,54.26,20.76,30,1200,18.1,21.9,185.6,272.4,166.1,250.9,60.2,64.8,18.0,31,15.5,34,15.0,33.0,15.0,31.5,6,6,8,10,E,ENE,NE,NNW,78.6,80,92,88,180,6,6,11054,11746
2,Chinnasalem,delux ponni,alluvial,50,25.0,wet,40,2,80,4,54.26,20.76,30,1200,18.1,21.9,185.6,272.4,166.1,250.9,60.2,64.8,18.0,31,15.5,34,15.0,33.0,15.0,31.5,6,6,8,10,E,ENE,NE,NNW,78.6,80,92,88,160,6,6,10984,11832
2,Cuddalore,ponmani,alluvial,50,25.0,dry,40,2,80,4,54.26,20.76,30,1200,19.6,20.4,187.2,270.8,167.0,250.0,61.0,64.0,18.5,34,16.0,30,15.5,31.0,16.0,33.0,4,10,8,10,SW,W,NNW,WSW,72.0,78,88,85,200,6,6,10926,11832
2,Kallakurichi,CO_43,clay,50,25.0,wet,40,2,80,4,54.26,20.76,30,1200,18.5,21.5,185.2,272.8,165.3,251.7,60.0,65.0,19.0,33,17.0,32,16.5,31.5,15.5,32.5,8,6,8,6,W,WNW,SE,S,88.5,95,81,84,180,6,6,11054,11940
2,Panruti,delux ponni,clay,50,25.0,dry,40,2,80,4,54.26,20.76,30,1200,18.5,21.5,185.2,272.8,165.3,251.7,60.0,65.0,20.0,35,18.0,30,17.5,33.5,18.0,33.0,4,12,4,12,ENE,NE,NNE,W,85.0,96,84,79,160,6,6,10926,11766
2,Sankarapuram,ponmani,clay,50,25.0,wet,40,2,80,4,54.26,20.76,30,1200,18.1,21.9,185.6,272.4,166.1,250.9,60.2,64.8,20.5,32,17.5,28,18.0,34.0,16.5,35.0,10,12,10,12,SSE,W,SW,NW,72.7,91,83,81,200,6,6,10820,11994
3,Kallakurichi,delux ponni,clay,75,37.5,dry,60,3,120,6,81.39,31.14,45,1800,18.5,21.5,185.2,272.8,165.3,251.7,60.0,65.0,19.0,33,17.0,32,16.5,31.5,15.5,32.5,8,6,8,6,W,WNW,SE,S,88.5,95,81,84,240,6,6,17169,17724
4,Chinnasalem,delux ponni,alluvial,100,50.0,wet,80,4,160,8,108.52,41.52,60,2400,18.1,21.9,185.6,272.4,166.1,250.9,60.2,64.8,18.0,31,15.5,34,15.0,33.0,15.0,31.5,6,6,8,10,E,ENE,NE,NNW,78.6,80,92,88,320,6,6,24368,25284
4,Cuddalore,ponmani,clay,100,50.0,wet,80,4,160,8,108.52,41.52,60,2400,19.6,20.4,187.2,270.8,167.0,250.0,61.0,64.0,18.5,34,16.0,30,15.5,31.0,16.0,33.0,4,10,8,10,SW,W,NNW,WSW,72.0,78,88,85,400,6,6,22892,25452
4,Kallakurichi,CO_43,clay,100,50.0,wet,80,4,160,8,108.52,41.52,60,2400,18.5,21.5,185.2,272.8,165.3,251.7,60.0,65.0,19.0,33,17.0,32,16.5,31.5,15.5,32.5,8,6,8,6,W,WNW,SE,S,88.5,95,81,84,360,6,6,23492,25664
4,Kallakurichi,ponmani,clay,100,50.0,dry,80,4,160,8,108.52,41.52,60,2400,18.5,21.5,185.2,272.8,165.3,251.7,60.0,65.0,19.0,33,17.0,32,16.5,31.5,15.5,32.5,8,6,8,6,W,WNW,SE,S,88.5,95,81,84,400,6,6,24432,25424
4,Kurinjipadi,delux ponni,alluvial,100,50.0,wet,80,4,160,8,108.52,41.52,60,2400,19.6,20.4,187.2,270.8,167.0,250.0,61.0,64.0,19.5,34,18.5,35,17.0,32.5,16.0,30.5,10,4,10,6,NW,S,SE,SSE,64.6,85,84,87,320,6,6,23492,25452
4,Sankarapuram,delux ponni,alluvial,100,50.0,wet,80,4,160,8,108.52,41.52,60,2400,18.1,21.9,185.6,272.4,166.1,250.9,60.2,64.8,20.5,32,17.5,28,18.0,34.0,16.5,35.0,10,12,10,12,SSE,W,SW,NW,72.7,91,83,81,320,6,6,23708,25876
5,Panruti,CO_43,alluvial,125,62.5,dry,100,5,200,10,135.65,51.9,75,3000,18.5,21.5,185.2,272.8,165.3,251.7,60.0,65.0,20.0,35,18.0,30,17.5,33.5,18.0,33.0,4,12,4,12,ENE,NE,NNE,W,85.0,96,84,79,450,6,6,30250,32050
6,Chinnasalem,delux ponni,clay,150,75.0,dry,120,6,240,12,162.78,62.28,90,3600,18.1,21.9,185.6,272.4,166.1,250.9,60.2,64.8,18.0,31,15.5,34,15.0,33.0,15.0,31.5,6,6,8,10,E,ENE,NE,NNW,78.6,80,92,88,480,6,6,36300,38496
6,Kallakurichi,ponmani,clay,150,75.0,dry,120,6,240,12,162.78,62.28,90,3600,18.5,21.5,185.2,272.8,165.3,251.7,60.0,65.0,19.0,33,17.0,32,16.5,31.5,15.5,32.5,8,6,8,6,W,WNW,SE,S,88.5,95,81,84,600,6,6,33804,38460
6,Kurinjipadi,ponmani,alluvial,150,75.0,dry,120,6,240,12,162.78,62.28,90,3600,19.6,20.4,187.2,270.8,167.0,250.0,61.0,64.0,19.5,34,18.5,35,17.0,32.5,16.0,30.5,10,4,10,6,NW,S,SE,SSE,64.6,85,84,87,600,6,6,32778,35658
6,Kurinjipadi,ponmani,clay,150,75.0,dry,120,6,240,12,162.78,62.28,90,3600,19.6,20.4,187.2,270.8,167.0,250.0,61.0,64.0,19.5,34,18.5,35,17.0,32.5,16.0,30.5,10,4,10,6,NW,S,SE,SSE,64.6,85,84,87,600,6,6,35298,38508
6,Panruti,delux ponni,clay,150,75.0,dry,120,6,240,12,162.78,62.28,90,3600,18.5,21.5,185.2,272.8,165.3,251.7,60.0,65.0,20.0,35,18.0,30,17.5,33.5,18.0,33.0,4,12,4,12,ENE,NE,NNE,W,85.0,96,84,79,480,6,6,36300,38172
6,Sankarapuram,ponmani,alluvial,150,75.0,wet,120,6,240,12,162.78,62.28,90,3600,18.1,21.9,185.6,272.4,166.1,250.9,60.2,64.8,20.5,32,17.5,28,18.0,34.0,16.5,35.0,10,12,10,12,SSE,W,SW,NW,72.7,91,83,81,600,6,6,32718,38304
6,Sankarapuram,ponmani,clay,150,75.0,dry,120,6,240,12,162.78,62.28,90,3600,18.1,21.9,185.6,272.4,166.1,250.9,60.2,64.8,20.5,32,17.5,28,18.0,34.0,16.5,35.0,10,12,10,12,SSE,W,SW,NW,72.7,91,83,81,600,6,6,34290,38424
3,Panruti,delux ponni,alluvial,75,37.5,dry,60,3,120,6,81.39,31.14,45,1800,18.5,21.5,185.2,272.8,165.3,251.7,60.0,65.0,20.0,35,18.0,30,17.5,33.5,18.0,33.0,4,12,4,12,ENE,NE,NNE,W,85.0,96,84,79,240,13,5,16476,17748
2,Sankarapuram,delux ponni,alluvial,50,25.0,wet,40,2,80,4,54.26,20.76,30,1200,18.1,21.9,185.6,272.4,166.1,250.9,60.2,64.8,20.5,32,17.5,28,18.0,34.0,16.5,35.0,10,12,10,12,SSE,W,SW,NW,72.7,91,83,81,160,8,5,10926,11746
3,Cuddalore,ponmani,clay,75,37.5,dry,60,3,120,6,81.39,31.14,45,1800,19.6,20.4,187.2,270.8,167.0,250.0,61.0,64.0,18.5,34,16.0,30,15.5,31.0,16.0,33.0,4,10,8,10,SW,W,NNW,WSW,72.0,78,88,85,300,8,5,16389,17991
1,Kurinjipadi,delux ponni,clay,25,12.5,dry,20,1,40,2,27.13,10.38,15,600,19.6,20.4,187.2,270.8,167.0,250.0,61.0,64.0,19.5,34,18.5,35,17.0,32.5,16.0,30.5,10,4,10,6,NW,S,SE,SSE,64.6,85,84,87,80,7,5,5527,5916
2,Chinnasalem,CO_43,clay,50,25.0,wet,40,2,80,4,54.26,20.76,30,1200,18.1,21.9,185.6,272.4,166.1,250.9,60.2,64.8,18.0,31,15.5,34,15.0,33.0,15.0,31.5,6,6,8,10,E,ENE,NE,NNW,78.6,80,92,88,180,7,5,11054,11766
2,Cuddalore,CO_43,clay,50,25.0,wet,40,2,80,4,54.26,20.76,30,1200,19.6,20.4,187.2,270.8,167.0,250.0,61.0,64.0,18.5,34,16.0,30,15.5,31.0,16.0,33.0,4,10,8,10,SW,W,NNW,WSW,72.0,78,88,85,180,7,5,10820,11746
3,Chinnasalem,ponmani,alluvial,75,37.5,wet,60,3,120,6,81.39,31.14,45,1800,18.1,21.9,185.6,272.4,166.1,250.9,60.2,64.8,18.0,31,15.5,34,15.0,33.0,15.0,31.5,6,6,8,10,E,ENE,NE,NNW,78.6,80,92,88,300,7,5,16581,17724
3,Kurinjipadi,ponmani,alluvial,75,37.5,dry,60,3,120,6,81.39,31.14,45,1800,19.6,20.4,187.2,270.8,167.0,250.0,61.0,64.0,19.5,34,18.5,35,17.0,32.5,16.0,30.5,10,4,10,6,NW,S,SE,SSE,64.6,85,84,87,300,7,5,16476,17748
3,Panruti,delux ponni,clay,75,37.5,wet,60,3,120,6,81.39,31.14,45,1800,18.5,21.5,185.2,272.8,165.3,251.7,60.0,65.0,20.0,35,18.0,30,17.5,33.5,18.0,33.0,4,12,4,12,ENE,NE,NNE,W,85.0,96,84,79,240,7,5,16884,17748
6,Cuddalore,CO_43,clay,150,75.0,wet,120,6,240,12,162.78,62.28,90,3600,19.6,20.4,187.2,270.8,167.0,250.0,61.0,64.0,18.5,34,16.0,30,15.5,31.0,16.0,33.0,4,10,8,10,SW,W,NNW,WSW,72.0,78,88,85,540,7,5,33162,38496
1,Chinnasalem,delux ponni,clay,25,12.5,dry,20,1,40,2,27.13,10.38,15,600,18.1,21.9,185.6,272.4,166.1,250.9,60.2,64.8,18.0,31,15.5,34,15.0,33.0,15.0,31.5,6,6,8,10,E,ENE,NE,NNW,78.6,80,92,88,80,6,5,5463,5908
1,Chinnasalem,ponmani,alluvial,25,12.5,wet,20,1,40,2,27.13,10.38,15,600,18.1,21.9,185.6,272.4,166.1,250.9,60.2,64.8,18.0,31,15.5,34,15.0,33.0,15.0,31.5,6,6,8,10,E,ENE,NE,NNW,78.6,80,92,88,100,6,5,5680,5916
2,Chinnasalem,delux ponni,clay,50,25.0,dry,40,2,80,4,54.26,20.76,30,1200,18.1,21.9,185.6,272.4,166.1,250.9,60.2,64.8,18.0,31,15.5,34,15.0,33.0,15.0,31.5,6,6,8,10,E,ENE,NE,NNW,78.6,80,92,88,160,6,5,10984,11746
2,Kallakurichi,ponmani,clay,50,25.0,dry,40,2,80,4,54.26,20.76,30,1200,18.5,21.5,185.2,272.8,165.3,251.7,60.0,65.0,19.0,33,17.0,32,16.5,31.5,15.5,32.5,8,6,8,6,W,WNW,SE,S,88.5,95,81,84,200,6,5,11054,11882
2,Sankarapuram,CO_43,clay,50,25.0,wet,40,2,80,4,54.26,20.76,30,1200,18.1,21.9,185.6,272.4,166.1,250.9,60.2,64.8,20.5,32,17.5,28,18.0,34.0,16.5,35.0,10,12,10,12,SSE,W,SW,NW,72.7,91,83,81,180,6,5,11224,11832
3,Chinnasalem,CO_43,clay,75,37.5,dry,60,3,120,6,81.39,31.14,45,1800,18.1,21.9,185.6,272.4,166.1,250.9,60.2,64.8,18.0,31,15.5,34,15.0,33.0,15.0,31.5,6,6,8,10,E,ENE,NE,NNW,78.6,80,92,88,270,6,5,16476,17508
3,Panruti,ponmani,alluvial,75,37.5,wet,60,3,120,6,81.39,31.14,45,1800,18.5,21.5,185.2,272.8,165.3,251.7,60.0,65.0,20.0,35,18.0,30,17.5,33.5,18.0,33.0,4,12,4,12,ENE,NE,NNE,W,85.0,96,84,79,300,6,5,16389,17748
4,Kallakurichi,CO_43,clay,100,50.0,dry,80,4,160,8,108.52,41.52,60,2400,18.5,21.5,185.2,272.8,165.3,251.7,60.0,65.0,19.0,33,17.0,32,16.5,31.5,15.5,32.5,8,6,8,6,W,WNW,SE,S,88.5,95,81,84,360,6,5,22120,25876
4,Kallakurichi,delux ponni,alluvial,100,50.0,wet,80,4,160,8,108.52,41.52,60,2400,18.5,21.5,185.2,272.8,165.3,251.7,60.0,65.0,19.0,33,17.0,32,16.5,31.5,15.5,32.5,8,6,8,6,W,WNW,SE,S,88.5,95,81,84,320,6,5,22448,25300
4,Kurinjipadi,delux ponni,clay,100,50.0,wet,80,4,160,8,108.52,41.52,60,2400,19.6,20.4,187.2,270.8,167.0,250.0,61.0,64.0,19.5,34,18.5,35,17.0,32.5,16.0,30.5,10,4,10,6,NW,S,SE,SSE,64.6,85,84,87,320,6,5,22892,25120
4,Sankarapuram,CO_43,alluvial,100,50.0,wet,80,4,160,8,108.52,41.52,60,2400,18.1,21.9,185.6,272.4,166.1,250.9,60.2,64.8,20.5,32,17.5,28,18.0,34.0,16.5,35.0,10,12,10,12,SSE,W,SW,NW,72.7,91,83,81,360,6,5,22020,25228
5,Panruti,CO_43,clay,125,62.5,wet,100,5,200,10,135.65,51.9,75,3000,18.5,21.5,185.2,272.8,165.3,251.7,60.0,65.0,20.0,35,18.0,30,17.5,33.5,18.0,33.0,4,12,4,12,ENE,NE,NNE,W,85.0,96,84,79,450,6,5,27265,32020
5,Panruti,delux ponni,alluvial,125,62.5,wet,100,5,200,10,135.65,51.9,75,3000,18.5,21.5,185.2,272.8,165.3,251.7,60.0,65.0,20.0,35,18.0,30,17.5,33.5,18.0,33.0,4,12,4,12,ENE,NE,NNE,W,85.0,96,84,79,400,6,5,30250,31625
6,Sankarapuram,delux ponni,alluvial,150,75.0,dry,120,6,240,12,162.78,62.28,90,3600,18.1,21.9,185.6,272.4,166.1,250.9,60.2,64.8,20.5,32,17.5,28,18.0,34.0,16.5,35.0,10,12,10,12,SSE,W,SW,NW,72.7,91,83,81,480,6,5,36426,38172
1,Chinnasalem,CO_43,clay,25,12.5,dry,20,1,40,2,27.13,10.38,15,600,18.1,21.9,185.6,272.4,166.1,250.9,60.2,64.8,18.0,31,15.5,34,15.0,33.0,15.0,31.5,6,6,8,10,E,ENE,NE,NNW,78.6,80,92,88,90,5,5,5463,5916
1,Kurinjipadi,CO_43,clay,25,12.5,wet,20,1,40,2,27.13,10.38,15,600,19.6,20.4,187.2,270.8,167.0,250.0,61.0,64.0,19.5,34,18.5,35,17.0,32.5,16.0,30.5,10,4,10,6,NW,S,SE,SSE,64.6,85,84,87,90,5,5,5463,5873
2,Chinnasalem,CO_43,alluvial,50,25.0,dry,40,2,80,4,54.26,20.76,30,1200,18.1,21.9,185.6,272.4,166.1,250.9,60.2,64.8,18.0,31,15.5,34,15.0,33.0,15.0,31.5,6,6,8,10,E,ENE,NE,NNW,78.6,80,92,88,180,5,5,11446,11832
2,Chinnasalem,ponmani,clay,50,25.0,wet,40,2,80,4,54.26,20.76,30,1200,18.1,21.9,185.6,272.4,166.1,250.9,60.2,64.8,18.0,31,15.5,34,15.0,33.0,15.0,31.5,6,6,8,10,E,ENE,NE,NNW,78.6,80,92,88,200,5,5,11038,11746
2,Kallakurichi,delux ponni,alluvial,50,25.0,dry,40,2,80,4,54.26,20.76,30,1200,18.5,21.5,185.2,272.8,165.3,251.7,60.0,65.0,19.0,33,17.0,32,16.5,31.5,15.5,32.5,8,6,8,6,W,WNW,SE,S,88.5,95,81,84,160,5,5,11054,11832
2,Panruti,CO_43,alluvial,50,25.0,dry,40,2,80,4,54.26,20.76,30,1200,18.5,21.5,185.2,272.8,165.3,251.7,60.0,65.0,20.0,35,18.0,30,17.5,33.5,18.0,33.0,4,12,4,12,ENE,NE,NNE,W,85.0,96,84,79,180,5,5,11010,11864
2,Panruti,ponmani,clay,50,25.0,wet,40,2,80,4,54.26,20.76,30,1200,18.5,21.5,185.2,272.8,165.3,251.7,60.0,65.0,20.0,35,18.0,30,17.5,33.5,18.0,33.0,4,12,4,12,ENE,NE,NNE,W,85.0,96,84,79,200,5,5,11256,11816
3,Kallakurichi,ponmani,alluvial,75,37.5,wet,60,3,120,6,81.39,31.14,45,1800,18.5,21.5,185.2,272.8,165.3,251.7,60.0,65.0,19.0,33,17.0,32,16.5,31.5,15.5,32.5,8,6,8,6,W,WNW,SE,S,88.5,95,81,84,300,5,5,16389,17748
3,Kurinjipadi,CO_43,clay,75,37.5,dry,60,3,120,6,81.39,31.14,45,1800,19.6,20.4,187.2,270.8,167.0,250.0,61.0,64.0,19.5,34,18.5,35,17.0,32.5,16.0,30.5,10,4,10,6,NW,S,SE,SSE,64.6,85,84,87,270,5,5,16389,17619
3,Panruti,CO_43,alluvial,75,37.5,dry,60,3,120,6,81.39,31.14,45,1800,18.5,21.5,185.2,272.8,165.3,251.7,60.0,65.0,20.0,35,18.0,30,17.5,33.5,18.0,33.0,4,12,4,12,ENE,NE,NNE,W,85.0,96,84,79,270,5,5,16359,17619
3,Panruti,delux ponni,clay,75,37.5,dry,60,3,120,6,81.39,31.14,45,1800,18.5,21.5,185.2,272.8,165.3,251.7,60.0,65.0,20.0,35,18.0,30,17.5,33.5,18.0,33.0,4,12,4,12,ENE,NE,NNE,W,85.0,96,84,79,240,5,5,16230,17619
4,Cuddalore,ponmani,alluvial,100,50.0,wet,80,4,160,8,108.52,41.52,60,2400,19.6,20.4,187.2,270.8,167.0,250.0,61.0,64.0,18.5,34,16.0,30,15.5,31.0,16.0,33.0,4,10,8,10,SW,W,NNW,WSW,72.0,78,88,85,400,5,5,21640,25300
4,Kallakurichi,CO_43,alluvial,100,50.0,dry,80,4,160,8,108.52,41.52,60,2400,18.5,21.5,185.2,272.8,165.3,251.7,60.0,65.0,19.0,33,17.0,32,16.5,31.5,15.5,32.5,8,6,8,6,W,WNW,SE,S,88.5,95,81,84,360,5,5,24852,25640
4,Panruti,CO_43,clay,100,50.0,wet,80,4,160,8,108.52,41.52,60,2400,18.5,21.5,185.2,272.8,165.3,251.7,60.0,65.0,20.0,35,18.0,30,17.5,33.5,18.0,33.0,4,12,4,12,ENE,NE,NNE,W,85.0,96,84,79,360,5,5,22936,25876
5,Chinnasalem,CO_43,alluvial,125,62.5,dry,100,5,200,10,135.65,51.9,75,3000,18.1,21.9,185.6,272.4,166.1,250.9,60.2,64.8,18.0,31,15.5,34,15.0,33.0,15.0,31.5,6,6,8,10,E,ENE,NE,NNW,78.6,80,92,88,450,5,5,31045,32345
5,Chinnasalem,ponmani,alluvial,125,62.5,wet,100,5,200,10,135.65,51.9,75,3000,18.1,21.9,185.6,272.4,166.1,250.9,60.2,64.8,18.0,31,15.5,34,15.0,33.0,15.0,31.5,6,6,8,10,E,ENE,NE,NNW,78.6,80,92,88,500,5,5,29180,32345
5,Kallakurichi,CO_43,alluvial,125,62.5,dry,100,5,200,10,135.65,51.9,75,3000,18.5,21.5,185.2,272.8,165.3,251.7,60.0,65.0,19.0,33,17.0,32,16.5,31.5,15.5,32.5,8,6,8,6,W,WNW,SE,S,88.5,95,81,84,450,5,5,30250,32080
5,Kallakurichi,CO_43,clay,125,62.5,wet,100,5,200,10,135.65,51.9,75,3000,18.5,21.5,185.2,272.8,165.3,251.7,60.0,65.0,19.0,33,17.0,32,16.5,31.5,15.5,32.5,8,6,8,6,W,WNW,SE,S,88.5,95,81,84,450,5,5,31045,32155
5,Panruti,ponmani,alluvial,125,62.5,wet,100,5,200,10,135.65,51.9,75,3000,18.5,21.5,185.2,272.8,165.3,251.7,60.0,65.0,20.0,35,18.0,30,17.5,33.5,18.0,33.0,4,12,4,12,ENE,NE,NNE,W,85.0,96,84,79,500,5,5,28060,32080
6,Cuddalore,CO_43,alluvial,150,75.0,wet,120,6,240,12,162.78,62.28,90,3600,19.6,20.4,187.2,270.8,167.0,250.0,61.0,64.0,18.5,34,16.0,30,15.5,31.0,16.0,33.0,4,10,8,10,SW,W,NNW,WSW,72.0,78,88,85,540,5,5,34338,37950
6,Kallakurichi,CO_43,clay,150,75.0,dry,120,6,240,12,162.78,62.28,90,3600,18.5,21.5,185.2,272.8,165.3,251.7,60.0,65.0,19.0,33,17.0,32,16.5,31.5,15.5,32.5,8,6,8,6,W,WNW,SE,S,88.5,95,81,84,540,5,5,34716,37152
6,Panruti,delux ponni,alluvial,150,75.0,wet,120,6,240,12,162.78,62.28,90,3600,18.5,21.5,185.2,272.8,165.3,251.7,60.0,65.0,20.0,35,18.0,30,17.5,33.5,18.0,33.0,4,12,4,12,ENE,NE,NNE,W,85.0,96,84,79,480,5,5,36090,37254
6,Panruti,ponmani,clay,150,75.0,dry,120,6,240,12,162.78,62.28,90,3600,18.5,21.5,185.2,272.8,165.3,251.7,60.0,65.0,20.0,35,18.0,30,17.5,33.5,18.0,33.0,4,12,4,12,ENE,NE,NNE,W,85.0,96,84,79,600,5,5,34668,37026
6,Sankarapuram,delux ponni,clay,150,75.0,wet,120,6,240,12,162.78,62.28,90,3600,18.1,21.9,185.6,272.4,166.1,250.9,60.2,64.8,20.5,32,17.5,28,18.0,34.0,16.5,35.0,10,12,10,12,SSE,W,SW,NW,72.7,91,83,81,480,5,5,36648,38586
1,Sankarapuram,ponmani,clay,25,12.5,dry,20,1,40,2,27.13,10.38,15,600,18.1,21.9,185.6,272.4,166.1,250.9,60.2,64.8,20.5,32,17.5,28,18.0,34.0,16.5,35.0,10,12,10,12,SSE,W,SW,NW,72.7,91,83,81,100,10,4,5463,5873
1,Cuddalore,ponmani,clay,25,12.5,dry,20,1,40,2,27.13,10.38,15,600,19.6,20.4,187.2,270.8,167.0,250.0,61.0,64.0,18.5,34,16.0,30,15.5,31.0,16.0,33.0,4,10,8,10,SW,W,NNW,WSW,72.0,78,88,85,100,8,4,5836,5916
3,Kallakurichi,CO_43,alluvial,75,37.5,dry,60,3,120,6,81.39,31.14,45,1800,18.5,21.5,185.2,272.8,165.3,251.7,60.0,65.0,19.0,33,17.0,32,16.5,31.5,15.5,32.5,8,6,8,6,W,WNW,SE,S,88.5,95,81,84,270,8,4,16230,17619
3,Kallakurichi,CO_43,clay,75,37.5,wet,60,3,120,6,81.39,31.14,45,1800,18.5,21.5,185.2,272.8,165.3,251.7,60.0,65.0,19.0,33,17.0,32,16.5,31.5,15.5,32.5,8,6,8,6,W,WNW,SE,S,88.5,95,81,84,270,8,4,16476,17619
1,Cuddalore,delux ponni,alluvial,25,12.5,dry,20,1,40,2,27.13,10.38,15,600,19.6,20.4,187.2,270.8,167.0,250.0,61.0,64.0,18.5,34,16.0,30,15.5,31.0,16.0,33.0,4,10,8,10,SW,W,NNW,WSW,72.0,78,88,85,80,6,4,5723,5891
1,Cuddalore,delux ponni,clay,25,12.5,dry,20,1,40,2,27.13,10.38,15,600,19.6,20.4,187.2,270.8,167.0,250.0,61.0,64.0,18.5,34,16.0,30,15.5,31.0,16.0,33.0,4,10,8,10,SW,W,NNW,WSW,72.0,78,88,85,80,6,4,5420,5916
1,Kallakurichi,delux ponni,clay,25,12.5,dry,20,1,40,2,27.13,10.38,15,600,18.5,21.5,185.2,272.8,165.3,251.7,60.0,65.0,19.0,33,17.0,32,16.5,31.5,15.5,32.5,8,6,8,6,W,WNW,SE,S,88.5,95,81,84,80,6,4,5527,5916
1,Kallakurichi,ponmani,clay,25,12.5,dry,20,1,40,2,27.13,10.38,15,600,18.5,21.5,185.2,272.8,165.3,251.7,60.0,65.0,19.0,33,17.0,32,16.5,31.5,15.5,32.5,8,6,8,6,W,WNW,SE,S,88.5,95,81,84,100,6,4,5492,5916
3,Chinnasalem,delux ponni,alluvial,75,37.5,dry,60,3,120,6,81.39,31.14,45,1800,18.1,21.9,185.6,272.4,166.1,250.9,60.2,64.8,18.0,31,15.5,34,15.0,33.0,15.0,31.5,6,6,8,10,E,ENE,NE,NNW,78.6,80,92,88,240,6,4,16836,17619
3,Cuddalore,CO_43,clay,75,37.5,dry,60,3,120,6,81.39,31.14,45,1800,19.6,20.4,187.2,270.8,167.0,250.0,61.0,64.0,18.5,34,16.0,30,15.5,31.0,16.0,33.0,4,10,8,10,SW,W,NNW,WSW,72.0,78,88,85,270,6,4,16260,17958
3,Kallakurichi,delux ponni,clay,75,37.5,wet,60,3,120,6,81.39,31.14,45,1800,18.5,21.5,185.2,272.8,165.3,251.7,60.0,65.0,19.0,33,17.0,32,16.5,31.5,15.5,32.5,8,6,8,6,W,WNW,SE,S,88.5,95,81,84,240,6,4,16359,17748
3,Panruti,ponmani,alluvial,75,37.5,dry,60,3,120,6,81.39,31.14,45,1800,18.5,21.5,185.2,272.8,165.3,251.7,60.0,65.0,20.0,35,18.0,30,17.5,33.5,18.0,33.0,4,12,4,12,ENE,NE,NNE,W,85.0,96,84,79,300,6,4,17169,17748
4,Cuddalore,CO_43,clay,100,50.0,dry,80,4,160,8,108.52,41.52,60,2400,19.6,20.4,187.2,270.8,167.0,250.0,61.0,64.0,18.5,34,16.0,30,15.5,31.0,16.0,33.0,4,10,8,10,SW,W,NNW,WSW,72.0,78,88,85,360,6,4,24200,25284
4,Kurinjipadi,ponmani,alluvial,100,50.0,wet,80,4,160,8,108.52,41.52,60,2400,19.6,20.4,187.2,270.8,167.0,250.0,61.0,64.0,19.5,34,18.5,35,17.0,32.5,16.0,30.5,10,4,10,6,NW,S,SE,SSE,64.6,85,84,87,400,6,4,23520,25616
1,Chinnasalem,CO_43,alluvial,25,12.5,dry,20,1,40,2,27.13,10.38,15,600,18.1,21.9,185.6,272.4,166.1,250.9,60.2,64.8,18.0,31,15.5,34,15.0,33.0,15.0,31.5,6,6,8,10,E,ENE,NE,NNW,78.6,80,92,88,90,5,4,5836,5916
1,Cuddalore,delux ponni,clay,25,12.5,wet,20,1,40,2,27.13,10.38,15,600,19.6,20.4,187.2,270.8,167.0,250.0,61.0,64.0,18.5,34,16.0,30,15.5,31.0,16.0,33.0,4,10,8,10,SW,W,NNW,WSW,72.0,78,88,85,80,5,4,5836,5873
1,Cuddalore,ponmani,clay,25,12.5,wet,20,1,40,2,27.13,10.38,15,600,19.6,20.4,187.2,270.8,167.0,250.0,61.0,64.0,18.5,34,16.0,30,15.5,31.0,16.0,33.0,4,10,8,10,SW,W,NNW,WSW,72.0,78,88,85,100,5,4,5453,5863
1,Kurinjipadi,CO_43,clay,25,12.5,dry,20,1,40,2,27.13,10.38,15,600,19.6,20.4,187.2,270.8,167.0,250.0,61.0,64.0,19.5,34,18.5,35,17.0,32.5,16.0,30.5,10,4,10,6,NW,S,SE,SSE,64.6,85,84,87,90,5,4,5723,5986
1,Panruti,CO_43,alluvial,25,12.5,dry,20,1,40,2,27.13,10.38,15,600,18.5,21.5,185.2,272.8,165.3,251.7,60.0,65.0,20.0,35,18.0,30,17.5,33.5,18.0,33.0,4,12,4,12,ENE,NE,NNE,W,85.0,96,84,79,90,5,4,5492,5916
1,Sankarapuram,CO_43,alluvial,25,12.5,dry,20,1,40,2,27.13,10.38,15,600,18.1,21.9,185.6,272.4,166.1,250.9,60.2,64.8,20.5,32,17.5,28,18.0,34.0,16.5,35.0,10,12,10,12,SSE,W,SW,NW,72.7,91,83,81,90,5,4,5453,5873
1,Sankarapuram,delux ponni,alluvial,25,12.5,dry,20,1,40,2,27.13,10.38,15,600,18.1,21.9,185.6,272.4,166.1,250.9,60.2,64.8,20.5,32,17.5,28,18.0,34.0,16.5,35.0,10,12,10,12,SSE,W,SW,NW,72.7,91,83,81,80,5,4,5612,5916
2,Cuddalore,CO_43,clay,50,25.0,dry,40,2,80,4,54.26,20.76,30,1200,19.6,20.4,187.2,270.8,167.0,250.0,61.0,64.0,18.5,34,16.0,30,15.5,31.0,16.0,33.0,4,10,8,10,SW,W,NNW,WSW,72.0,78,88,85,180,5,4,11224,11746
2,Kallakurichi,CO_43,alluvial,50,25.0,dry,40,2,80,4,54.26,20.76,30,1200,18.5,21.5,185.2,272.8,165.3,251.7,60.0,65.0,19.0,33,17.0,32,16.5,31.5,15.5,32.5,8,6,8,6,W,WNW,SE,S,88.5,95,81,84,180,5,4,11446,11832
2,Kallakurichi,delux ponni,clay,50,25.0,wet,40,2,80,4,54.26,20.76,30,1200,18.5,21.5,185.2,272.8,165.3,251.7,60.0,65.0,19.0,33,17.0,32,16.5,31.5,15.5,32.5,8,6,8,6,W,WNW,SE,S,88.5,95,81,84,160,5,4,11384,11938
3,Chinnasalem,delux ponni,alluvial,75,37.5,wet,60,3,120,6,81.39,31.14,45,1800,18.1,21.9,185.6,272.4,166.1,250.9,60.2,64.8,18.0,31,15.5,34,15.0,33.0,15.0,31.5,6,6,8,10,E,ENE,NE,NNW,78.6,80,92,88,240,5,4,16230,17724
3,Chinnasalem,delux ponni,clay,75,37.5,dry,60,3,120,6,81.39,31.14,45,1800,18.1,21.9,185.6,272.4,166.1,250.9,60.2,64.8,18.0,31,15.5,34,15.0,33.0,15.0,31.5,6,6,8,10,E,ENE,NE,NNW,78.6,80,92,88,240,5,4,16581,17649
3,Panruti,delux ponni,alluvial,75,37.5,wet,60,3,120,6,81.39,31.14,45,1800,18.5,21.5,185.2,272.8,165.3,251.7,60.0,65.0,20.0,35,18.0,30,17.5,33.5,18.0,33.0,4,12,4,12,ENE,NE,NNE,W,85.0,96,84,79,240,5,4,16836,17748
4,Kurinjipadi,CO_43,clay,100,50.0,dry,80,4,160,8,108.52,41.52,60,2400,19.6,20.4,187.2,270.8,167.0,250.0,61.0,64.0,19.5,34,18.5,35,17.0,32.5,16.0,30.5,10,4,10,6,NW,S,SE,SSE,64.6,85,84,87,360,5,4,22892,25244
6,Panruti,delux ponni,clay,150,75.0,wet,120,6,240,12,162.78,62.28,90,3600,18.5,21.5,185.2,272.8,165.3,251.7,60.0,65.0,20.0,35,18.0,30,17.5,33.5,18.0,33.0,4,12,4,12,ENE,NE,NNE,W,85.0,96,84,79,480,5,4,36732,38304
6,Sankarapuram,ponmani,alluvial,150,75.0,dry,120,6,240,12,162.78,62.28,90,3600,18.1,21.9,185.6,272.4,166.1,250.9,60.2,64.8,20.5,32,17.5,28,18.0,34.0,16.5,35.0,10,12,10,12,SSE,W,SW,NW,72.7,91,83,81,600,5,4,33162,37254
1,Chinnasalem,ponmani,clay,25,12.5,wet,20,1,40,2,27.13,10.38,15,600,18.1,21.9,185.6,272.4,166.1,250.9,60.2,64.8,18.0,31,15.5,34,15.0,33.0,15.0,31.5,6,6,8,10,E,ENE,NE,NNW,78.6,80,92,88,100,4,4,5836,5916
1,Cuddalore,ponmani,alluvial,25,12.5,dry,20,1,40,2,27.13,10.38,15,600,19.6,20.4,187.2,270.8,167.0,250.0,61.0,64.0,18.5,34,16.0,30,15.5,31.0,16.0,33.0,4,10,8,10,SW,W,NNW,WSW,72.0,78,88,85,100,4,4,5410,5873
1,Panruti,CO_43,alluvial,25,12.5,wet,20,1,40,2,27.13,10.38,15,600,18.5,21.5,185.2,272.8,165.3,251.7,60.0,65.0,20.0,35,18.0,30,17.5,33.5,18.0,33.0,4,12,4,12,ENE,NE,NNE,W,85.0,96,84,79,90,4,4,5612,5836
1,Panruti,CO_43,clay,25,12.5,wet,20,1,40,2,27.13,10.38,15,600,18.5,21.5,185.2,272.8,165.3,251.7,60.0,65.0,20.0,35,18.0,30,17.5,33.5,18.0,33.0,4,12,4,12,ENE,NE,NNE,W,85.0,96,84,79,90,4,4,5723,5916
1,Panruti,delux ponni,clay,25,12.5,wet,20,1,40,2,27.13,10.38,15,600,18.5,21.5,185.2,272.8,165.3,251.7,60.0,65.0,20.0,35,18.0,30,17.5,33.5,18.0,33.0,4,12,4,12,ENE,NE,NNE,W,85.0,96,84,79,80,4,4,5453,5916
1,Panruti,ponmani,alluvial,25,12.5,dry,20,1,40,2,27.13,10.38,15,600,18.5,21.5,185.2,272.8,165.3,251.7,60.0,65.0,20.0,35,18.0,30,17.5,33.5,18.0,33.0,4,12,4,12,ENE,NE,NNE,W,85.0,96,84,79,100,4,4,5463,5855
2,Chinnasalem,delux ponni,clay,50,25.0,wet,40,2,80,4,54.26,20.76,30,1200,18.1,21.9,185.6,272.4,166.1,250.9,60.2,64.8,18.0,31,15.5,34,15.0,33.0,15.0,31.5,6,6,8,10,E,ENE,NE,NNW,78.6,80,92,88,160,4,4,10840,11574
2,Cuddalore,CO_43,alluvial,50,25.0,wet,40,2,80,4,54.26,20.76,30,1200,19.6,20.4,187.2,270.8,167.0,250.0,61.0,64.0,18.5,34,16.0,30,15.5,31.0,16.0,33.0,4,10,8,10,SW,W,NNW,WSW,72.0,78,88,85,180,4,4,11446,11932
2,Cuddalore,delux ponni,alluvial,50,25.0,wet,40,2,80,4,54.26,20.76,30,1200,19.6,20.4,187.2,270.8,167.0,250.0,61.0,64.0,18.5,34,16.0,30,15.5,31.0,16.0,33.0,4,10,8,10,SW,W,NNW,WSW,72.0,78,88,85,160,4,4,11406,11886
2,Cuddalore,ponmani,clay,50,25.0,dry,40,2,80,4,54.26,20.76,30,1200,19.6,20.4,187.2,270.8,167.0,250.0,61.0,64.0,18.5,34,16.0,30,15.5,31.0,16.0,33.0,4,10,8,10,SW,W,NNW,WSW,72.0,78,88,85,200,4,4,10926,11746
2,Kurinjipadi,delux ponni,alluvial,50,25.0,dry,40,2,80,4,54.26,20.76,30,1200,19.6,20.4,187.2,270.8,167.0,250.0,61.0,64.0,19.5,34,18.5,35,17.0,32.5,16.0,30.5,10,4,10,6,NW,S,SE,SSE,64.6,85,84,87,160,4,4,11256,11938
2,Panruti,CO_43,clay,50,25.0,dry,40,2,80,4,54.26,20.76,30,1200,18.5,21.5,185.2,272.8,165.3,251.7,60.0,65.0,20.0,35,18.0,30,17.5,33.5,18.0,33.0,4,12,4,12,ENE,NE,NNE,W,85.0,96,84,79,180,4,4,11268,11816
2,Panruti,delux ponni,alluvial,50,25.0,wet,40,2,80,4,54.26,20.76,30,1200,18.5,21.5,185.2,272.8,165.3,251.7,60.0,65.0,20.0,35,18.0,30,17.5,33.5,18.0,33.0,4,12,4,12,ENE,NE,NNE,W,85.0,96,84,79,160,4,4,10984,11672
2,Panruti,ponmani,clay,50,25.0,dry,40,2,80,4,54.26,20.76,30,1200,18.5,21.5,185.2,272.8,165.3,251.7,60.0,65.0,20.0,35,18.0,30,17.5,33.5,18.0,33.0,4,12,4,12,ENE,NE,NNE,W,85.0,96,84,79,200,4,4,10820,11672
2,Sankarapuram,CO_43,alluvial,50,25.0,dry,40,2,80,4,54.26,20.76,30,1200,18.1,21.9,185.6,272.4,166.1,250.9,60.2,64.8,20.5,32,17.5,28,18.0,34.0,16.5,35.0,10,12,10,12,SSE,W,SW,NW,72.7,91,83,81,180,4,4,11218,11766
3,Chinnasalem,ponmani,clay,75,37.5,wet,60,3,120,6,81.39,31.14,45,1800,18.1,21.9,185.6,272.4,166.1,250.9,60.2,64.8,18.0,31,15.5,34,15.0,33.0,15.0,31.5,6,6,8,10,E,ENE,NE,NNW,78.6,80,92,88,300,4,4,16581,17589
3,Cuddalore,ponmani,alluvial,75,37.5,dry,60,3,120,6,81.39,31.14,45,1800,19.6,20.4,187.2,270.8,167.0,250.0,61.0,64.0,18.5,34,16.0,30,15.5,31.0,16.0,33.0,4,10,8,10,SW,W,NNW,WSW,72.0,78,88,85,300,4,4,16476,17826
3,Kallakurichi,delux ponni,alluvial,75,37.5,wet,60,3,120,6,81.39,31.14,45,1800,18.5,21.5,185.2,272.8,165.3,251.7,60.0,65.0,19.0,33,17.0,32,16.5,31.5,15.5,32.5,8,6,8,6,W,WNW,SE,S,88.5,95,81,84,240,4,4,16260,17748
3,Kurinjipadi,delux ponni,alluvial,75,37.5,wet,60,3,120,6,81.39,31.14,45,1800,19.6,20.4,187.2,270.8,167.0,250.0,61.0,64.0,19.5,34,18.5,35,17.0,32.5,16.0,30.5,10,4,10,6,NW,S,SE,SSE,64.6,85,84,87,240,4,4,16230,17619
3,Panruti,CO_43,alluvial,75,37.5,wet,60,3,120,6,81.39,31.14,45,1800,18.5,21.5,185.2,272.8,165.3,251.7,60.0,65.0,20.0,35,18.0,30,17.5,33.5,18.0,33.0,4,12,4,12,ENE,NE,NNE,W,85.0,96,84,79,270,4,4,16884,17508
3,Panruti,CO_43,clay,75,37.5,dry,60,3,120,6,81.39,31.14,45,1800,18.5,21.5,185.2,272.8,165.3,251.7,60.0,65.0,20.0,35,18.0,30,17.5,33.5,18.0,33.0,4,12,4,12,ENE,NE,NNE,W,85.0,96,84,79,270,4,4,16476,17721
3,Panruti,ponmani,clay,75,37.5,wet,60,3,120,6,81.39,31.14,45,1800,18.5,21.5,185.2,272.8,165.3,251.7,60.0,65.0,20.0,35,18.0,30,17.5,33.5,18.0,33.0,4,12,4,12,ENE,NE,NNE,W,85.0,96,84,79,300,4,4,16230,17724
4,Chinnasalem,delux ponni,clay,100,50.0,dry,80,4,160,8,108.52,41.52,60,2400,18.1,21.9,185.6,272.4,166.1,250.9,60.2,64.8,18.0,31,15.5,34,15.0,33.0,15.0,31.5,6,6,8,10,E,ENE,NE,NNW,78.6,80,92,88,320,4,4,21852,25584
4,Kallakurichi,delux ponni,alluvial,100,50.0,dry,80,4,160,8,108.52,41.52,60,2400,18.5,21.5,185.2,272.8,165.3,251.7,60.0,65.0,19.0,33,17.0,32,16.5,31.5,15.5,32.5,8,6,8,6,W,WNW,SE,S,88.5,95,81,84,320,4,4,23544,24460
4,Panruti,CO_43,alluvial,100,50.0,wet,80,4,160,8,108.52,41.52,60,2400,18.5,21.5,185.2,272.8,165.3,251.7,60.0,65.0,20.0,35,18.0,30,17.5,33.5,18.0,33.0,4,12,4,12,ENE,NE,NNE,W,85.0,96,84,79,360,4,4,22892,24756
5,Chinnasalem,CO_43,clay,125,62.5,dry,100,5,200,10,135.65,51.9,75,3000,18.1,21.9,185.6,272.4,166.1,250.9,60.2,64.8,18.0,31,15.5,34,15.0,33.0,15.0,31.5,6,6,8,10,E,ENE,NE,NNW,78.6,80,92,88,450,4,4,30575,32050
6,Chinnasalem,ponmani,alluvial,150,75.0,dry,120,6,240,12,162.78,62.28,90,3600,18.1,21.9,185.6,272.4,166.1,250.9,60.2,64.8,18.0,31,15.5,34,15.0,33.0,15.0,31.5,6,6,8,10,E,ENE,NE,NNW,78.6,80,92,88,600,4,4,32460,38304
6,Kallakurichi,CO_43,alluvial,150,75.0,dry,120,6,240,12,162.78,62.28,90,3600,18.5,21.5,185.2,272.8,165.3,251.7,60.0,65.0,19.0,33,17.0,32,16.5,31.5,15.5,32.5,8,6,8,6,W,WNW,SE,S,88.5,95,81,84,540,4,4,32460,37062
6,Kallakurichi,CO_43,clay,150,75.0,wet,120,6,240,12,162.78,62.28,90,3600,18.5,21.5,185.2,272.8,165.3,251.7,60.0,65.0,19.0,33,17.0,32,16.5,31.5,15.5,32.5,8,6,8,6,W,WNW,SE,S,88.5,95,81,84,540,4,4,32778,36690
6,Kurinjipadi,delux ponni,clay,150,75.0,dry,120,6,240,12,162.78,62.28,90,3600,19.6,20.4,187.2,270.8,167.0,250.0,61.0,64.0,19.5,34,18.5,35,17.0,32.5,16.0,30.5,10,4,10,6,NW,S,SE,SSE,64.6,85,84,87,480,4,4,36552,38178
6,Panruti,ponmani,alluvial,150,75.0,dry,120,6,240,12,162.78,62.28,90,3600,18.5,21.5,185.2,272.8,165.3,251.7,60.0,65.0,20.0,35,18.0,30,17.5,33.5,18.0,33.0,4,12,4,12,ENE,NE,NNE,W,85.0,96,84,79,600,4,4,33462,36552
3,Cuddalore,CO_43,alluvial,75,37.5,dry,60,3,120,6,81.39,31.14,45,1800,19.6,20.4,187.2,270.8,167.0,250.0,61.0,64.0,18.5,34,16.0,30,15.5,31.0,16.0,33.0,4,10,8,10,SW,W,NNW,WSW,72.0,78,88,85,270,8,3,16359,17619
1,Kallakurichi,delux ponni,clay,25,12.5,wet,20,1,40,2,27.13,10.38,15,600,18.5,21.5,185.2,272.8,165.3,251.7,60.0,65.0,19.0,33,17.0,32,16.5,31.5,15.5,32.5,8,6,8,6,W,WNW,SE,S,88.5,95,81,84,80,5,3,5628,5873
1,Kurinjipadi,delux ponni,alluvial,25,12.5,dry,20,1,40,2,27.13,10.38,15,600,19.6,20.4,187.2,270.8,167.0,250.0,61.0,64.0,19.5,34,18.5,35,17.0,32.5,16.0,30.5,10,4,10,6,NW,S,SE,SSE,64.6,85,84,87,80,5,3,5453,5723
1,Chinnasalem,ponmani,clay,25,12.5,dry,20,1,40,2,27.13,10.38,15,600,18.1,21.9,185.6,272.4,166.1,250.9,60.2,64.8,18.0,31,15.5,34,15.0,33.0,15.0,31.5,6,6,8,10,E,ENE,NE,NNW,78.6,80,92,88,100,4,3,5492,5916
1,Kallakurichi,delux ponni,alluvial,25,12.5,dry,20,1,40,2,27.13,10.38,15,600,18.5,21.5,185.2,272.8,165.3,251.7,60.0,65.0,19.0,33,17.0,32,16.5,31.5,15.5,32.5,8,6,8,6,W,WNW,SE,S,88.5,95,81,84,80,4,3,5532,5836
1,Kurinjipadi,delux ponni,alluvial,25,12.5,wet,20,1,40,2,27.13,10.38,15,600,19.6,20.4,187.2,270.8,167.0,250.0,61.0,64.0,19.5,34,18.5,35,17.0,32.5,16.0,30.5,10,4,10,6,NW,S,SE,SSE,64.6,85,84,87,80,4,3,5612,5873
1,Kurinjipadi,delux ponni,clay,25,12.5,wet,20,1,40,2,27.13,10.38,15,600,19.6,20.4,187.2,270.8,167.0,250.0,61.0,64.0,19.5,34,18.5,35,17.0,32.5,16.0,30.5,10,4,10,6,NW,S,SE,SSE,64.6,85,84,87,80,4,3,5420,5873
1,Panruti,CO_43,clay,25,12.5,dry,20,1,40,2,27.13,10.38,15,600,18.5,21.5,185.2,272.8,165.3,251.7,60.0,65.0,20.0,35,18.0,30,17.5,33.5,18.0,33.0,4,12,4,12,ENE,NE,NNE,W,85.0,96,84,79,90,4,3,5410,5873
1,Sankarapuram,delux ponni,clay,25,12.5,wet,20,1,40,2,27.13,10.38,15,600,18.1,21.9,185.6,272.4,166.1,250.9,60.2,64.8,20.5,32,17.5,28,18.0,34.0,16.5,35.0,10,12,10,12,SSE,W,SW,NW,72.7,91,83,81,80,4,3,5836,5916
2,Chinnasalem,ponmani,clay,50,25.0,dry,40,2,80,4,54.26,20.76,30,1200,18.1,21.9,185.6,272.4,166.1,250.9,60.2,64.8,18.0,31,15.5,34,15.0,33.0,15.0,31.5,6,6,8,10,E,ENE,NE,NNW,78.6,80,92,88,200,4,3,10906,11446
2,Kurinjipadi,ponmani,alluvial,50,25.0,wet,40,2,80,4,54.26,20.76,30,1200,19.6,20.4,187.2,270.8,167.0,250.0,61.0,64.0,19.5,34,18.5,35,17.0,32.5,16.0,30.5,10,4,10,6,NW,S,SE,SSE,64.6,85,84,87,200,4,3,10926,11832
2,Panruti,ponmani,alluvial,50,25.0,dry,40,2,80,4,54.26,20.76,30,1200,18.5,21.5,185.2,272.8,165.3,251.7,60.0,65.0,20.0,35,18.0,30,17.5,33.5,18.0,33.0,4,12,4,12,ENE,NE,NNE,W,85.0,96,84,79,200,4,3,11280,11710
3,Chinnasalem,CO_43,clay,75,37.5,wet,60,3,120,6,81.39,31.14,45,1800,18.1,21.9,185.6,272.4,166.1,250.9,60.2,64.8,18.0,31,15.5,34,15.0,33.0,15.0,31.5,6,6,8,10,E,ENE,NE,NNW,78.6,80,92,88,270,4,3,17280,17748
3,Cuddalore,ponmani,alluvial,75,37.5,wet,60,3,120,6,81.39,31.14,45,1800,19.6,20.4,187.2,270.8,167.0,250.0,61.0,64.0,18.5,34,16.0,30,15.5,31.0,16.0,33.0,4,10,8,10,SW,W,NNW,WSW,72.0,78,88,85,300,4,3,16230,17619
3,Kurinjipadi,delux ponni,clay,75,37.5,wet,60,3,120,6,81.39,31.14,45,1800,19.6,20.4,187.2,270.8,167.0,250.0,61.0,64.0,19.5,34,18.5,35,17.0,32.5,16.0,30.5,10,4,10,6,NW,S,SE,SSE,64.6,85,84,87,240,4,3,16359,17793
3,Panruti,CO_43,clay,75,37.5,wet,60,3,120,6,81.39,31.14,45,1800,18.5,21.5,185.2,272.8,165.3,251.7,60.0,65.0,20.0,35,18.0,30,17.5,33.5,18.0,33.0,4,12,4,12,ENE,NE,NNE,W,85.0,96,84,79,270,4,3,16884,17898
3,Sankarapuram,delux ponni,alluvial,75,37.5,wet,60,3,120,6,81.39,31.14,45,1800,18.1,21.9,185.6,272.4,166.1,250.9,60.2,64.8,20.5,32,17.5,28,18.0,34.0,16.5,35.0,10,12,10,12,SSE,W,SW,NW,72.7,91,83,81,240,4,3,17508,17649
4,Cuddalore,CO_43,clay,100,50.0,wet,80,4,160,8,108.52,41.52,60,2400,19.6,20.4,187.2,270.8,167.0,250.0,61.0,64.0,18.5,34,16.0,30,15.5,31.0,16.0,33.0,4,10,8,10,SW,W,NNW,WSW,72.0,78,88,85,360,4,3,24460,25876
4,Kallakurichi,CO_43,alluvial,100,50.0,wet,80,4,160,8,108.52,41.52,60,2400,18.5,21.5,185.2,272.8,165.3,251.7,60.0,65.0,19.0,33,17.0,32,16.5,31.5,15.5,32.5,8,6,8,6,W,WNW,SE,S,88.5,95,81,84,360,4,3,25228,25452
4,Panruti,delux ponni,alluvial,100,50.0,dry,80,4,160,8,108.52,41.52,60,2400,18.5,21.5,185.2,272.8,165.3,251.7,60.0,65.0,20.0,35,18.0,30,17.5,33.5,18.0,33.0,4,12,4,12,ENE,NE,NNE,W,85.0,96,84,79,320,4,3,24000,25120
5,Kallakurichi,CO_43,alluvial,125,62.5,wet,100,5,200,10,135.65,51.9,75,3000,18.5,21.5,185.2,272.8,165.3,251.7,60.0,65.0,19.0,33,17.0,32,16.5,31.5,15.5,32.5,8,6,8,6,W,WNW,SE,S,88.5,95,81,84,450,4,3,30905,31400
1,Chinnasalem,CO_43,clay,25,12.5,wet,20,1,40,2,27.13,10.38,15,600,18.1,21.9,185.6,272.4,166.1,250.9,60.2,64.8,18.0,31,15.5,34,15.0,33.0,15.0,31.5,6,6,8,10,E,ENE,NE,NNW,78.6,80,92,88,90,3,3,5410,5873
1,Kurinjipadi,ponmani,alluvial,25,12.5,dry,20,1,40,2,27.13,10.38,15,600,19.6,20.4,187.2,270.8,167.0,250.0,61.0,64.0,19.5,34,18.5,35,17.0,32.5,16.0,30.5,10,4,10,6,NW,S,SE,SSE,64.6,85,84,87,100,3,3,5492,5883
1,Kurinjipadi,ponmani,clay,25,12.5,wet,20,1,40,2,27.13,10.38,15,600,19.6,20.4,187.2,270.8,167.0,250.0,61.0,64.0,19.5,34,18.5,35,17.0,32.5,16.0,30.5,10,4,10,6,NW,S,SE,SSE,64.6,85,84,87,100,3,3,5453,5883
1,Panruti,delux ponni,alluvial,25,12.5,wet,20,1,40,2,27.13,10.38,15,600,18.5,21.5,185.2,272.8,165.3,251.7,60.0,65.0,20.0,35,18.0,30,17.5,33.5,18.0,33.0,4,12,4,12,ENE,NE,NNE,W,85.0,96,84,79,80,3,3,5410,5883
1,Sankarapuram,CO_43,alluvial,25,12.5,wet,20,1,40,2,27.13,10.38,15,600,18.1,21.9,185.6,272.4,166.1,250.9,60.2,64.8,20.5,32,17.5,28,18.0,34.0,16.5,35.0,10,12,10,12,SSE,W,SW,NW,72.7,91,83,81,90,3,3,5492,5883
1,Sankarapuram,ponmani,clay,25,12.5,wet,20,1,40,2,27.13,10.38,15,600,18.1,21.9,185.6,272.4,166.1,250.9,60.2,64.8,20.5,32,17.5,28,18.0,34.0,16.5,35.0,10,12,10,12,SSE,W,SW,NW,72.7,91,83,81,100,3,3,5723,5873
2,Chinnasalem,ponmani,alluvial,50,25.0,dry,40,2,80,4,54.26,20.76,30,1200,18.1,21.9,185.6,272.4,166.1,250.9,60.2,64.8,18.0,31,15.5,34,15.0,33.0,15.0,31.5,6,6,8,10,E,ENE,NE,NNW,78.6,80,92,88,200,3,3,10984,11746
2,Cuddalore,ponmani,alluvial,50,25.0,wet,40,2,80,4,54.26,20.76,30,1200,19.6,20.4,187.2,270.8,167.0,250.0,61.0,64.0,18.5,34,16.0,30,15.5,31.0,16.0,33.0,4,10,8,10,SW,W,NNW,WSW,72.0,78,88,85,200,3,3,11054,11486
2,Kallakurichi,CO_43,alluvial,50,25.0,wet,40,2,80,4,54.26,20.76,30,1200,18.5,21.5,185.2,272.8,165.3,251.7,60.0,65.0,19.0,33,17.0,32,16.5,31.5,15.5,32.5,8,6,8,6,W,WNW,SE,S,88.5,95,81,84,180,3,3,11348,11816
2,Kallakurichi,CO_43,clay,50,25.0,dry,40,2,80,4,54.26,20.76,30,1200,18.5,21.5,185.2,272.8,165.3,251.7,60.0,65.0,19.0,33,17.0,32,16.5,31.5,15.5,32.5,8,6,8,6,W,WNW,SE,S,88.5,95,81,84,180,3,3,11472,11832
2,Kallakurichi,delux ponni,alluvial,50,25.0,wet,40,2,80,4,54.26,20.76,30,1200,18.5,21.5,185.2,272.8,165.3,251.7,60.0,65.0,19.0,33,17.0,32,16.5,31.5,15.5,32.5,8,6,8,6,W,WNW,SE,S,88.5,95,81,84,160,3,3,10906,11808
2,Kurinjipadi,CO_43,alluvial,50,25.0,dry,40,2,80,4,54.26,20.76,30,1200,19.6,20.4,187.2,270.8,167.0,250.0,61.0,64.0,19.5,34,18.5,35,17.0,32.5,16.0,30.5,10,4,10,6,NW,S,SE,SSE,64.6,85,84,87,180,3,3,10984,11746
2,Kurinjipadi,CO_43,clay,50,25.0,dry,40,2,80,4,54.26,20.76,30,1200,19.6,20.4,187.2,270.8,167.0,250.0,61.0,64.0,19.5,34,18.5,35,17.0,32.5,16.0,30.5,10,4,10,6,NW,S,SE,SSE,64.6,85,84,87,180,3,3,10906,11746
2,Kurinjipadi,CO_43,clay,50,25.0,wet,40,2,80,4,54.26,20.76,30,1200,19.6,20.4,187.2,270.8,167.0,250.0,61.0,64.0,19.5,34,18.5,35,17.0,32.5,16.0,30.5,10,4,10,6,NW,S,SE,SSE,64.6,85,84,87,180,3,3,10906,11832
2,Panruti,CO_43,alluvial,50,25.0,wet,40,2,80,4,54.26,20.76,30,1200,18.5,21.5,185.2,272.8,165.3,251.7,60.0,65.0,20.0,35,18.0,30,17.5,33.5,18.0,33.0,4,12,4,12,ENE,NE,NNE,W,85.0,96,84,79,180,3,3,11672,11922
2,Panruti,delux ponni,alluvial,50,25.0,dry,40,2,80,4,54.26,20.76,30,1200,18.5,21.5,185.2,272.8,165.3,251.7,60.0,65.0,20.0,35,18.0,30,17.5,33.5,18.0,33.0,4,12,4,12,ENE,NE,NNE,W,85.0,96,84,79,160,3,3,11446,11672
2,Panruti,ponmani,alluvial,50,25.0,wet,40,2,80,4,54.26,20.76,30,1200,18.5,21.5,185.2,272.8,165.3,251.7,60.0,65.0,20.0,35,18.0,30,17.5,33.5,18.0,33.0,4,12,4,12,ENE,NE,NNE,W,85.0,96,84,79,200,3,3,10906,11832
2,Sankarapuram,CO_43,alluvial,50,25.0,wet,40,2,80,4,54.26,20.76,30,1200,18.1,21.9,185.6,272.4,166.1,250.9,60.2,64.8,20.5,32,17.5,28,18.0,34.0,16.5,35.0,10,12,10,12,SSE,W,SW,NW,72.7,91,83,81,180,3,3,10820,11816
2,Sankarapuram,CO_43,clay,50,25.0,dry,40,2,80,4,54.26,20.76,30,1200,18.1,21.9,185.6,272.4,166.1,250.9,60.2,64.8,20.5,32,17.5,28,18.0,34.0,16.5,35.0,10,12,10,12,SSE,W,SW,NW,72.7,91,83,81,180,3,3,10926,11766
3,Chinnasalem,CO_43,alluvial,75,37.5,dry,60,3,120,6,81.39,31.14,45,1800,18.1,21.9,185.6,272.4,166.1,250.9,60.2,64.8,18.0,31,15.5,34,15.0,33.0,15.0,31.5,6,6,8,10,E,ENE,NE,NNW,78.6,80,92,88,270,3,3,16230,17469
3,Kallakurichi,ponmani,clay,75,37.5,wet,60,3,120,6,81.39,31.14,45,1800,18.5,21.5,185.2,272.8,165.3,251.7,60.0,65.0,19.0,33,17.0,32,16.5,31.5,15.5,32.5,8,6,8,6,W,WNW,SE,S,88.5,95,81,84,300,3,3,16923,17649
3,Sankarapuram,CO_43,alluvial,75,37.5,wet,60,3,120,6,81.39,31.14,45,1800,18.1,21.9,185.6,272.4,166.1,250.9,60.2,64.8,20.5,32,17.5,28,18.0,34.0,16.5,35.0,10,12,10,12,SSE,W,SW,NW,72.7,91,83,81,270,3,3,17040,17619
4,Chinnasalem,CO_43,clay,100,50.0,wet,80,4,160,8,108.52,41.52,60,2400,18.1,21.9,185.6,272.4,166.1,250.9,60.2,64.8,18.0,31,15.5,34,15.0,33.0,15.0,31.5,6,6,8,10,E,ENE,NE,NNW,78.6,80,92,88,360,3,3,22076,25284
4,Kurinjipadi,CO_43,alluvial,100,50.0,dry,80,4,160,8,108.52,41.52,60,2400,19.6,20.4,187.2,270.8,167.0,250.0,61.0,64.0,19.5,34,18.5,35,17.0,32.5,16.0,30.5,10,4,10,6,NW,S,SE,SSE,64.6,85,84,87,360,3,3,23492,24908
4,Panruti,ponmani,alluvial,100,50.0,dry,80,4,160,8,108.52,41.52,60,2400,18.5,21.5,185.2,272.8,165.3,251.7,60.0,65.0,20.0,35,18.0,30,17.5,33.5,18.0,33.0,4,12,4,12,ENE,NE,NNE,W,85.0,96,84,79,400,3,3,24644,25664
6,Chinnasalem,delux ponni,alluvial,150,75.0,dry,120,6,240,12,162.78,62.28,90,3600,18.1,21.9,185.6,272.4,166.1,250.9,60.2,64.8,18.0,31,15.5,34,15.0,33.0,15.0,31.5,6,6,8,10,E,ENE,NE,NNW,78.6,80,92,88,480,3,3,36342,38508
6,Cuddalore,CO_43,alluvial,150,75.0,dry,120,6,240,12,162.78,62.28,90,3600,19.6,20.4,187.2,270.8,167.0,250.0,61.0,64.0,18.5,34,16.0,30,15.5,31.0,16.0,33.0,4,10,8,10,SW,W,NNW,WSW,72.0,78,88,85,540,3,3,34338,35130
6,Cuddalore,delux ponni,alluvial,150,75.0,wet,120,6,240,12,162.78,62.28,90,3600,19.6,20.4,187.2,270.8,167.0,250.0,61.0,64.0,18.5,34,16.0,30,15.5,31.0,16.0,33.0,4,10,8,10,SW,W,NNW,WSW,72.0,78,88,85,480,3,3,37362,38496
6,Kurinjipadi,delux ponni,alluvial,150,75.0,dry,120,6,240,12,162.78,62.28,90,3600,19.6,20.4,187.2,270.8,167.0,250.0,61.0,64.0,19.5,34,18.5,35,17.0,32.5,16.0,30.5,10,4,10,6,NW,S,SE,SSE,64.6,85,84,87,480,3,3,36690,38136
6,Panruti,ponmani,alluvial,150,75.0,wet,120,6,240,12,162.78,62.28,90,3600,18.5,21.5,185.2,272.8,165.3,251.7,60.0,65.0,20.0,35,18.0,30,17.5,33.5,18.0,33.0,4,12,4,12,ENE,NE,NNE,W,85.0,96,84,79,600,3,3,33768,35784
6,Sankarapuram,CO_43,clay,150,75.0,wet,120,6,240,12,162.78,62.28,90,3600,18.1,21.9,185.6,272.4,166.1,250.9,60.2,64.8,20.5,32,17.5,28,18.0,34.0,16.5,35.0,10,12,10,12,SSE,W,SW,NW,72.7,91,83,81,540,3,3,37086,38460
2,Cuddalore,CO_43,alluvial,50,25.0,dry,40,2,80,4,54.26,20.76,30,1200,19.6,20.4,187.2,270.8,167.0,250.0,61.0,64.0,18.5,34,16.0,30,15.5,31.0,16.0,33.0,4,10,8,10,SW,W,NNW,WSW,72.0,78,88,85,180,5,2,11672,11746
1,Panruti,delux ponni,alluvial,25,12.5,dry,20,1,40,2,27.13,10.38,15,600,18.5,21.5,185.2,272.8,165.3,251.7,60.0,65.0,20.0,35,18.0,30,17.5,33.5,18.0,33.0,4,12,4,12,ENE,NE,NNE,W,85.0,96,84,79,80,4,2,5680,5836
1,Cuddalore,delux ponni,alluvial,25,12.5,wet,20,1,40,2,27.13,10.38,15,600,19.6,20.4,187.2,270.8,167.0,250.0,61.0,64.0,18.5,34,16.0,30,15.5,31.0,16.0,33.0,4,10,8,10,SW,W,NNW,WSW,72.0,78,88,85,80,3,2,5723,5836
1,Sankarapuram,delux ponni,clay,25,12.5,dry,20,1,40,2,27.13,10.38,15,600,18.1,21.9,185.6,272.4,166.1,250.9,60.2,64.8,20.5,32,17.5,28,18.0,34.0,16.5,35.0,10,12,10,12,SSE,W,SW,NW,72.7,91,83,81,80,3,2,5836,5883
1,Sankarapuram,ponmani,alluvial,25,12.5,dry,20,1,40,2,27.13,10.38,15,600,18.1,21.9,185.6,272.4,166.1,250.9,60.2,64.8,20.5,32,17.5,28,18.0,34.0,16.5,35.0,10,12,10,12,SSE,W,SW,NW,72.7,91,83,81,100,3,2,5723,5873
3,Kallakurichi,CO_43,alluvial,75,37.5,wet,60,3,120,6,81.39,31.14,45,1800,18.5,21.5,185.2,272.8,165.3,251.7,60.0,65.0,19.0,33,17.0,32,16.5,31.5,15.5,32.5,8,6,8,6,W,WNW,SE,S,88.5,95,81,84,270,3,2,17508,17565
3,Kurinjipadi,CO_43,clay,75,37.5,wet,60,3,120,6,81.39,31.14,45,1800,19.6,20.4,187.2,270.8,167.0,250.0,61.0,64.0,19.5,34,18.5,35,17.0,32.5,16.0,30.5,10,4,10,6,NW,S,SE,SSE,64.6,85,84,87,270,3,2,17508,17619
1,Chinnasalem,CO_43,alluvial,25,12.5,wet,20,1,40,2,27.13,10.38,15,600,18.1,21.9,185.6,272.4,166.1,250.9,60.2,64.8,18.0,31,15.5,34,15.0,33.0,15.0,31.5,6,6,8,10,E,ENE,NE,NNW,78.6,80,92,88,90,2,2,5492,5836
1,Chinnasalem,delux ponni,alluvial,25,12.5,dry,20,1,40,2,27.13,10.38,15,600,18.1,21.9,185.6,272.4,166.1,250.9,60.2,64.8,18.0,31,15.5,34,15.0,33.0,15.0,31.5,6,6,8,10,E,ENE,NE,NNW,78.6,80,92,88,80,2,2,5463,5836
1,Chinnasalem,ponmani,alluvial,25,12.5,dry,20,1,40,2,27.13,10.38,15,600,18.1,21.9,185.6,272.4,166.1,250.9,60.2,64.8,18.0,31,15.5,34,15.0,33.0,15.0,31.5,6,6,8,10,E,ENE,NE,NNW,78.6,80,92,88,100,2,2,5723,5873
1,Kallakurichi,CO_43,alluvial,25,12.5,wet,20,1,40,2,27.13,10.38,15,600,18.5,21.5,185.2,272.8,165.3,251.7,60.0,65.0,19.0,33,17.0,32,16.5,31.5,15.5,32.5,8,6,8,6,W,WNW,SE,S,88.5,95,81,84,90,2,2,5723,5836
1,Kurinjipadi,CO_43,alluvial,25,12.5,dry,20,1,40,2,27.13,10.38,15,600,19.6,20.4,187.2,270.8,167.0,250.0,61.0,64.0,19.5,34,18.5,35,17.0,32.5,16.0,30.5,10,4,10,6,NW,S,SE,SSE,64.6,85,84,87,90,2,2,5420,5873
1,Kurinjipadi,CO_43,alluvial,25,12.5,wet,20,1,40,2,27.13,10.38,15,600,19.6,20.4,187.2,270.8,167.0,250.0,61.0,64.0,19.5,34,18.5,35,17.0,32.5,16.0,30.5,10,4,10,6,NW,S,SE,SSE,64.6,85,84,87,90,2,2,5527,5855
1,Panruti,ponmani,alluvial,25,12.5,wet,20,1,40,2,27.13,10.38,15,600,18.5,21.5,185.2,272.8,165.3,251.7,60.0,65.0,20.0,35,18.0,30,17.5,33.5,18.0,33.0,4,12,4,12,ENE,NE,NNE,W,85.0,96,84,79,100,2,2,5492,5723
1,Sankarapuram,CO_43,clay,25,12.5,wet,20,1,40,2,27.13,10.38,15,600,18.1,21.9,185.6,272.4,166.1,250.9,60.2,64.8,20.5,32,17.5,28,18.0,34.0,16.5,35.0,10,12,10,12,SSE,W,SW,NW,72.7,91,83,81,90,2,2,5532,5723
1,Sankarapuram,ponmani,alluvial,25,12.5,wet,20,1,40,2,27.13,10.38,15,600,18.1,21.9,185.6,272.4,166.1,250.9,60.2,64.8,20.5,32,17.5,28,18.0,34.0,16.5,35.0,10,12,10,12,SSE,W,SW,NW,72.7,91,83,81,100,2,2,5463,5836
2,Chinnasalem,delux ponni,alluvial,50,25.0,dry,40,2,80,4,54.26,20.76,30,1200,18.1,21.9,185.6,272.4,166.1,250.9,60.2,64.8,18.0,31,15.5,34,15.0,33.0,15.0,31.5,6,6,8,10,E,ENE,NE,NNW,78.6,80,92,88,160,2,2,11446,11672
2,Cuddalore,delux ponni,alluvial,50,25.0,dry,40,2,80,4,54.26,20.76,30,1200,19.6,20.4,187.2,270.8,167.0,250.0,61.0,64.0,18.5,34,16.0,30,15.5,31.0,16.0,33.0,4,10,8,10,SW,W,NNW,WSW,72.0,78,88,85,160,2,2,11446,11602
3,Chinnasalem,CO_43,alluvial,75,37.5,wet,60,3,120,6,81.39,31.14,45,1800,18.1,21.9,185.6,272.4,166.1,250.9,60.2,64.8,18.0,31,15.5,34,15.0,33.0,15.0,31.5,6,6,8,10,E,ENE,NE,NNW,78.6,80,92,88,270,2,2,16581,17748
3,Sankarapuram,CO_43,clay,75,37.5,wet,60,3,120,6,81.39,31.14,45,1800,18.1,21.9,185.6,272.4,166.1,250.9,60.2,64.8,20.5,32,17.5,28,18.0,34.0,16.5,35.0,10,12,10,12,SSE,W,SW,NW,72.7,91,83,81,270,2,2,16836,17508
6,Chinnasalem,delux ponni,clay,150,75.0,wet,120,6,240,12,162.78,62.28,90,3600,18.1,21.9,185.6,272.4,166.1,250.9,60.2,64.8,18.0,31,15.5,34,15.0,33.0,15.0,31.5,6,6,8,10,E,ENE,NE,NNW,78.6,80,92,88,480,2,2,36690,38508
6,Chinnasalem,ponmani,clay,150,75.0,dry,120,6,240,12,162.78,62.28,90,3600,18.1,21.9,185.6,272.4,166.1,250.9,60.2,64.8,18.0,31,15.5,34,15.0,33.0,15.0,31.5,6,6,8,10,E,ENE,NE,NNW,78.6,80,92,88,600,2,2,32460,33666
6,Chinnasalem,ponmani,clay,150,75.0,wet,120,6,240,12,162.78,62.28,90,3600,18.1,21.9,185.6,272.4,166.1,250.9,60.2,64.8,18.0,31,15.5,34,15.0,33.0,15.0,31.5,6,6,8,10,E,ENE,NE,NNW,78.6,80,92,88,600,2,2,33672,36426
6,Cuddalore,ponmani,alluvial,150,75.0,wet,120,6,240,12,162.78,62.28,90,3600,19.6,20.4,187.2,270.8,167.0,250.0,61.0,64.0,18.5,34,16.0,30,15.5,31.0,16.0,33.0,4,10,8,10,SW,W,NNW,WSW,72.0,78,88,85,600,2,2,36090,38172
6,Kallakurichi,ponmani,clay,150,75.0,wet,120,6,240,12,162.78,62.28,90,3600,18.5,21.5,185.2,272.8,165.3,251.7,60.0,65.0,19.0,33,17.0,32,16.5,31.5,15.5,32.5,8,6,8,6,W,WNW,SE,S,88.5,95,81,84,600,2,2,33030,35766
6,Kurinjipadi,delux ponni,alluvial,150,75.0,wet,120,6,240,12,162.78,62.28,90,3600,19.6,20.4,187.2,270.8,167.0,250.0,61.0,64.0,19.5,34,18.5,35,17.0,32.5,16.0,30.5,10,4,10,6,NW,S,SE,SSE,64.6,85,84,87,480,2,2,38424,38460
6,Kurinjipadi,delux ponni,clay,150,75.0,wet,120,6,240,12,162.78,62.28,90,3600,19.6,20.4,187.2,270.8,167.0,250.0,61.0,64.0,19.5,34,18.5,35,17.0,32.5,16.0,30.5,10,4,10,6,NW,S,SE,SSE,64.6,85,84,87,480,2,2,37062,38586
6,Sankarapuram,CO_43,clay,150,75.0,dry,120,6,240,12,162.78,62.28,90,3600,18.1,21.9,185.6,272.4,166.1,250.9,60.2,64.8,20.5,32,17.5,28,18.0,34.0,16.5,35.0,10,12,10,12,SSE,W,SW,NW,72.7,91,83,81,540,2,2,36954,38586
6,Sankarapuram,delux ponni,alluvial,150,75.0,wet,120,6,240,12,162.78,62.28,90,3600,18.1,21.9,185.6,272.4,166.1,250.9,60.2,64.8,20.5,32,17.5,28,18.0,34.0,16.5,35.0,10,12,10,12,SSE,W,SW,NW,72.7,91,83,81,480,2,2,36648,37842
6,Sankarapuram,delux ponni,clay,150,75.0,dry,120,6,240,12,162.78,62.28,90,3600,18.1,21.9,185.6,272.4,166.1,250.9,60.2,64.8,20.5,32,17.5,28,18.0,34.0,16.5,35.0,10,12,10,12,SSE,W,SW,NW,72.7,91,83,81,480,2,2,36954,37134
